NO,SMILES,IC50 (nM),target,trtecv
1,Cc1cc(C(F)(F)F)c(C#N)c(N2CCC[C@H]2C(=O)N(C)c2ccccc2)n1,72,0,test
2,Cc1cccc(N(C(=O)[C@@H]2CCCN2c2nc(C)cc(C(F)(F)F)c2C#N)C(C)C)c1,8.9,1,train3
3,Cc1cccc(N(C)C(=O)[C@@H]2C[C@H](O)CN2c2nc(C)cc(C(F)(F)F)c2C#N)c1,20,1,train4
4,Cc1cc(C)c(C#N)c(N2C[C@@H](O)C[C@H]2C(=O)N(C)c2ccc(F)c(F)c2)n1,288,0,train3
5,Cc1cc(C(F)(F)F)c(C#N)c(N2C[C@@H](O)C[C@H]2C(=O)N(C)c2ccc(F)c(Cl)c2)n1,16,1,train1
6,Cc1cc(C(F)(F)F)c(C#N)c(N2C[C@@H](O)C[C@H]2C(=O)N(C)c2ccc(F)c(C)c2)n1,11,1,train2
7,Cc1cc(C)c(C#N)c(N2C[C@@H](O)C[C@H]2C(=O)N(C)c2ccccc2)n1,438,0,train2
8,Cc1cc(C(F)(F)F)c(C#N)c(N2C[C@@H](O)C[C@H]2C(=O)N(C)c2ccccc2)n1,180,0,train1
9,Cc1cccc(N(C)C(=O)[C@@H]2C[C@H](O)CN2c2nc(C)cc(C)c2C#N)c1,87,0,train3
10,Cc1cc(C)c(C#N)c(N2C[C@@H](O)C[C@H]2C(=O)N(C)c2ccc(F)c(C(F)(F)F)c2)n1,316,0,train5
11,Cc1cc(C)c(C#N)c(N2C[C@@H](O)C[C@H]2C(=O)N(C)c2cccc(CF)c2)n1,452,0,test
12,Cc1cc(C)c(C#N)c(N2C[C@@H](O)C[C@H]2C(=O)N(C)c2cccc(C(F)F)c2)n1,710,0,train4
13,Cc1cc(C)c(C#N)c(N2C[C@@H](O)C[C@H]2C(=O)N(C)c2cccc(Cl)c2)n1,180,0,train1
14,Cc1cc(C)c(C#N)c(N2C[C@@H](O)C[C@H]2C(=O)N(C)c2ccc(F)c(CF)c2)n1,415,0,train1
15,Cc1cc(C(F)(F)F)c(C#N)c(N2C[C@@H](O)C[C@H]2C(=O)N(C)c2ccc(F)c(CF)c2)n1,57,0,train5
16,COc1cc(N(C)C(=O)[C@@H]2C[C@H](O)CN2c2nc(C)cc(C(F)(F)F)c2C#N)ccc1F,274,0,train4
17,Cc1cc(C(F)(F)F)c(C#N)c(N2C[C@@H](O)C[C@H]2C(=O)N(C)c2cc(F)cc(F)c2)n1,97,0,test
18,Cc1cc(C(F)(F)F)c(C#N)c(N2C[C@@H](O)C[C@H]2C(=O)N(C)c2ccc(Cl)c(F)c2)n1,33,0,train3
19,Cc1cc(C(F)(F)F)c(C#N)c(N2C[C@@H](O)C[C@H]2C(=O)N(C)c2ccc(C(F)(F)F)c(F)c2)n1,524,0,test
20,Cc1cc(C(F)(F)F)c(C#N)c(N2C[C@@H](O)C[C@H]2C(=O)N(C)c2cc(F)c(F)cc2F)n1,67,0,train2
21,CCN(C(=O)[C@@H]1C[C@H](O)CN1c1nc(C)cc(C)c1C#N)c1cccc(C)c1,77,0,train1
22,CCN(C(=O)[C@@H]1C[C@H](O)CN1c1nc(C)cc(C(F)(F)F)c1C#N)c1cccc(C)c1,27,1,train2
23,Cc1cccc(N(C)C(=O)[C@@H]2C[C@@H](O)CN2c2nc(C)cc(C(F)(F)F)c2C#N)c1,138.5,0,test
24,Cc1cccc(N(C)C(=O)[C@@H]2[C@H](O)CCN2c2nc(C)cc(C(F)(F)F)c2C#N)c1,8.55,1,train5
25,Cc1cccc(N(C)C(=O)[C@@H]2[C@H](O)CCN2c2nc(C)cc(C)c2C#N)c1,32,0,train3
26,Cc1cccc(N(C)C(=O)[C@@H]2[C@@H](O)CCN2c2nc(C)cc(C(F)(F)F)c2C#N)c1,61,0,train2
27,Cc1cccc(N(C)C(=O)[C@@H]2C[C@H](O)CN2c2cc(C(F)(F)F)cc(C)n2)c1,12,1,train3
28,Cc1cccc(N(C)C(=O)[C@@H]2C[C@H](O)CN2c2cc(C(C)C)cc(C)n2)c1,48,0,train4
29,Cc1cccc(N(C)C(=O)[C@@H]2C[C@H](O)CN2c2cc(C)c(Cl)c(C)n2)c1,172,0,train1
30,COc1cc(C(F)(F)F)c(C#N)c(N2C[C@@H](O)C[C@H]2C(=O)N(C)c2cccc(C)c2)n1,514,0,train2
31,CCN(C)c1cc(C(F)(F)F)c(C#N)c(N2C[C@@H](O)C[C@H]2C(=O)N(C)c2cccc(C)c2)n1,395,0,train4
32,Cc1cccc(N(C)C(=O)[C@@H]2C[C@H](O)CN2c2nc(N(C)C)cc(C(F)(F)F)c2C#N)c1,209,0,train2
33,Cc1cccc(N(C)C(=O)[C@@H]2C[C@H](O)CN2c2nc(C)cc(C(C)C)c2C#N)c1,30,1,test
34,Cc1cccc(N(C)C(=O)[C@@H]2C[C@H](O)CN2c2nccc(C(F)(F)F)c2C#N)c1,969,0,test
35,CCc1cc(N2C[C@@H](O)C[C@H]2C(=O)N(C)c2cccc(C)c2)ncc1C,620,0,train1
36,CO[C@H]1C[C@@H](C(=O)N(C)c2cccc(C)c2)N(c2nc(C)cc(C(F)(F)F)c2C#N)C1,48,0,train4
37,CCN(C(=O)[C@@H]1C[C@H](F)CN1c1nc(C)cc(C)c1C#N)c1ccc(F)c(F)c1,248,0,train3
38,CCN(C(=O)[C@@H]1C[C@H](N)CN1c1nc(C)cc(C)c1C#N)c1cccc(C)c1,273,0,train5
39,CCN(C(=O)[C@@H]1C[C@H](N(C)C)CN1c1nc(C)cc(C)c1C#N)c1cccc(C)c1,27,1,train1
40,CCN(C(=O)[C@@H]1C[C@@H](N)CN1c1nc(C)cc(C)c1C#N)c1cccc(C)c1,1758,0,train2
41,CCN(C(=O)[C@@H]1C[C@@H](N(C)C)CN1c1nc(C)cc(C)c1C#N)c1cccc(C)c1,263,0,train1
42,CCN(C(=O)[C@@H]1C[C@H](N2CCOCC2)CN1c1nc(C)cc(C)c1C#N)c1cccc(C)c1,25,1,train4
43,CCN(C(=O)[C@@H]1C[C@H](NC)CN1c1nc(C)cc(C)c1C#N)c1cccc(C)c1,221,0,test
44,CCN(C(=O)[C@@H]1C[C@H](NCCO)CN1c1nc(C)cc(C)c1C#N)c1cccc(C)c1,88,0,train5
45,CCN(C(=O)[C@@H]1C[C@H](NCCS(C)(=O)=O)CN1c1nc(C)cc(C)c1C#N)c1cccc(C)c1,85,0,train1
46,CCN(C(=O)[C@@H]1C[C@H](N(C)CCS(C)(=O)=O)CN1c1nc(C)cc(C)c1C#N)c1cccc(C)c1,227,0,test
47,CCN(C(=O)[C@@H]1C[C@H](NC2CCNC2=O)CN1c1nc(C)cc(C)c1C#N)c1cccc(C)c1,329,0,train2
48,CCN(C(=O)[C@@H]1C[C@H](N(C)C2CCNC2)CN1c1nc(C)cc(C)c1C#N)c1cccc(C)c1,573,0,train5
49,CCN(C(=O)[C@@H]1C[C@H](NCCN)CN1c1nc(C)cc(C)c1C#N)c1cccc(C)c1,573,0,train1
50,CCN(C(=O)[C@@H]1C[C@H](N2CCNCC2)CN1c1nc(C)cc(C)c1C#N)c1cccc(C)c1,232,0,train5
51,CCN(C(=O)[C@@H]1C[C@H](NC2CNC2)CN1c1nc(C)cc(C)c1C#N)c1cccc(C)c1,1560,0,train3
52,CCN(C(=O)[C@@H]1C[C@H](N(C)C2CCN(C(C)=O)C2)CN1c1nc(C)cc(C)c1C#N)c1cccc(C)c1,588,0,test
53,Cc1cccc(N(C)C(=O)[C@@H]2[C@@H](O)[C@@H](O)CN2c2nc(C)cc(C(F)(F)F)c2C#N)c1,121,0,test
54,Cc1cccc(N(C)C(=O)[C@@H]2[C@H](O)[C@H](O)CN2c2nc(C)cc(C(F)(F)F)c2C#N)c1,13,1,train4
55,Cc1cccc(N(C)C(=O)[C@@H]2[C@H](O)[C@H](O)CN2c2nc(C)cc(C)c2C#N)c1,118,0,train3
56,Cc1cc(C(F)(F)F)c(C#N)c(N2C[C@@H](O)[C@@H](O)[C@H]2C(=O)N(C)c2ccc(F)c(F)c2)n1,42,0,train1
57,Cc1cc(C(F)(F)F)c(C#N)c(N2C[C@@H](O)[C@@H](O)[C@H]2C(=O)N(C)c2ccc(F)c(Cl)c2)n1,10,1,train1
58,Cc1cccc(N(C)C(=O)[C@@H]2COC(=O)N2c2cc(C(F)(F)F)cc(C)n2)c1,7,1,train5
59,Cc1cccc(N(C)C(=O)[C@@H]2CCC(=O)N2c2cc(C(F)(F)F)cc(C)n2)c1,6.9,1,train1
60,Cc1cc(C(F)(F)F)cc(N2C(=O)CC[C@H]2C(=O)N(C)c2ccc(F)c(C)n2)n1,76,0,train4
61,CCN(C(=O)[C@@H]1C[C@H](N)C(=O)N1c1cc(C(F)(F)F)cc(C)n1)c1ccc(F)c(Cl)c1,136,0,train3
62,CCN(C(=O)[C@@H]1C[C@H](NC(C)=O)C(=O)N1c1cc(C(F)(F)F)cc(C)n1)c1ccc(F)c(Cl)c1,208,0,train5
63,CCN(C(=O)[C@@H]1C[C@H](N2CCOCC2)C(=O)N1c1cc(C(F)(F)F)cc(C)n1)c1ccc(F)c(Cl)c1,410,0,train4
64,CCN(C(=O)[C@@H]1C[C@H](O)CN1c1nc(C)cc(C(F)(F)F)n1)c1ccc(F)c(Cl)c1,166,0,test
65,Cc1cc(C(F)(F)F)cc(N2C(=O)[C@@H](O)[C@@H](O)[C@H]2C(=O)N(C)c2ccc(F)c(Cl)c2)n1,7.8,1,train5
66,CCN(C(=O)[C@@H]1[C@H](O)[C@H](O)C(=O)N1c1cc(C(F)(F)F)cc(C)n1)c1ccc(F)c(Cl)c1,20,1,train2
67,Cc1cc(C(F)(F)F)cc(N2C(=O)[C@@H](O)[C@@H](O)[C@H]2C(=O)N(C)c2ccc(F)c(C)c2)n1,6,1,train2
68,Cc1cc(C(F)(F)F)cc(N2C(=O)[C@@H](O)[C@@H](O)[C@H]2C(=O)N(C)c2cc(F)cc(Cl)c2)n1,31,1,train4
69,Cc1cc(C(F)(F)F)cc(N2C(=O)[C@H]3OC(C)(C)O[C@H]3[C@H]2C(=O)N(C)c2ccc(F)c(Cl)c2F)n1,69,0,test
70,Cc1cc(C(F)(F)F)cc(N2C(=O)[C@@H](O)[C@@H](O)[C@H]2C(=O)N(C)c2ccc(F)c(Cl)c2F)n1,4,1,test
71,Cc1cc(C(F)(F)F)cc(N2C(=O)[C@H](O)[C@H](O)[C@H]2C(=O)N(C)c2ccc(F)c(Cl)c2F)n1,10,1,train1
72,Cc1cc(C(F)(F)F)cc(N2C(=O)[C@H](O)[C@H](O)[C@H]2C(=O)N(C)c2ccc(F)c(Cl)c2)n1,32,0,train1
73,Cc1cc(C(F)(F)F)cc(N2C(=O)[C@@H](O)[C@@H](O)[C@H]2C(=O)N(C)c2cc(Cl)c(F)cc2F)n1,7,1,test
74,Cc1cc(C(F)(F)F)cc(N2C(=O)[C@@H](O)C[C@H]2C(=O)N(C)c2ccc(F)c(Cl)c2)n1,25,1,train5
75,CCN(C(=O)[C@@H]1C[C@H](O)C(=O)N1c1cc(C(F)(F)F)cc(C)n1)c1ccc(F)c(Cl)c1,95,0,test
76,Cc1cc(C(F)(F)F)cc(N2C(=O)[C@@H](COCc3ccccc3)C[C@H]2C(=O)N(C)c2ccc(F)c(Cl)c2)n1,24,1,train5
77,Cc1cc(C(F)(F)F)cc(N2C(=O)[C@@H](CO)C[C@H]2C(=O)N(C)c2ccc(F)c(Cl)c2)n1,11,1,train3
78,Cc1cc(C(F)(F)F)cc(N2C(=O)[C@@H](CN(C)C)C[C@H]2C(=O)N(C)c2ccc(F)c(Cl)c2)n1,48,0,train3
79,Cc1cc(C(F)(F)F)cc(N2C(=O)[C@H](CN(C)C)C[C@H]2C(=O)N(C)c2ccc(F)c(Cl)c2)n1,90,0,train1
80,Cc1cc(C(F)(F)F)cc(N2C(=O)C[C@@H](O)[C@H]2C(=O)N(C)c2ccc(F)c(Cl)c2)n1,5.95,1,test
81,Cc1cc(C(F)(F)F)c(C#N)c(N2CC[C@@H](O)[C@H]2C(=O)N(C)c2ccc(F)c(Cl)c2)n1,8,1,train2
82,CCN(C(=O)[C@@H]1[C@H](O)CCN1c1nc(C)cc(C(F)(F)F)c1C#N)c1ccc(F)c(Cl)c1,8,1,train4
83,Cc1cc(C(F)(F)F)cc(N2C(=O)OC[C@H]2C(=O)N(C)c2ccc(F)c(Cl)c2)n1,15.5,1,train3
84,Cc1cc(C(F)(F)F)cc(N2C(=O)OC[C@H]2C(=O)N(C)c2ccc(Cl)c(C)c2)n1,6,1,test
85,Cc1cc(C(F)(F)F)cc(N2C(=O)OC[C@H]2C(=O)N(C)c2ccc(F)c(Cl)c2F)n1,5.2,1,train2
86,Cc1cc(C(F)(F)F)cc(N2C(=O)OC[C@H]2C(=O)N(C)c2ccc(F)c(C)c2)n1,9.2,1,test
87,Cc1cc(C(F)(F)F)cc(N2C(=O)OC[C@H]2C(=O)N(C)c2cccc(Cl)c2)n1,15,1,train1
88,Cc1cc(C(F)(F)F)cc(N2C(=O)OC[C@H]2C(=O)N(C)c2ccc(C)c(Cl)c2)n1,6,1,train1
89,Cc1cc(C(F)(F)F)cc(N2C(=O)OC[C@H]2C(=O)N(C)c2ccc(Cl)c(Cl)c2)n1,16,1,train3
90,COc1cc(N(C)C(=O)[C@@H]2COC(=O)N2c2cc(C(F)(F)F)cc(C)n2)ccc1F,226,0,train3
91,COc1cc(N(C)C(=O)[C@@H]2COC(=O)N2c2cc(C(F)(F)F)cc(C)n2)ccc1Cl,81,0,test
92,COc1cc(N(C)C(=O)[C@@H]2COC(=O)N2c2cc(C(F)(F)F)cc(C)n2)ccc1C,18,1,train5
93,Cc1cc(C(F)(F)F)cc(N2C(=O)OC[C@H]2C(=O)N(C)c2ccc(F)c(Br)c2)n1,16,1,train2
94,Cc1cc(C(F)(F)F)cc(N2C(=O)OC[C@H]2C(=O)N(C)c2ccc(Br)cc2F)n1,12,1,train3
95,Cc1cc(C(F)(F)F)cc(N2C(=O)OC[C@H]2C(=O)N(C)c2cccc(Cl)c2F)n1,15,1,train1
96,Cc1cc(C(F)(F)F)cc(N2C(=O)OC[C@H]2C(=O)N(C)c2cc(Cl)ccc2F)n1,24,1,test
97,Cc1cc(C(F)(F)F)cc(N2C(=O)OC[C@H]2C(=O)N(C)c2ccc(Cl)cc2F)n1,11,1,train2
98,Cc1cc(C(F)(F)F)cc(N2C(=O)OC[C@H]2C(=O)N(C)c2cc(Cl)c(F)cc2F)n1,32,0,train5
99,COc1cc(F)c(Cl)cc1N(C)C(=O)[C@@H]1COC(=O)N1c1cc(C(F)(F)F)cc(C)n1,437,0,train4
100,Cc1cc(C(F)(F)F)cc(N2C(=O)OC[C@H]2C(=O)N(C)c2ccc(F)c(C)c2F)n1,4.05,1,train3
101,Cc1cc(C(F)(F)F)cc(N2C(=O)OC[C@H]2C(=O)N(C)c2ccc(F)c(F)c2F)n1,23,1,train4
102,Cc1cc(C(F)(F)F)cc(N2C(=O)OC[C@H]2C(=O)N(C)c2ccc3c(c2)COC3)n1,86,0,train2
103,CCN(C(=O)[C@@H]1COC(=O)N1c1cc(C(F)(F)F)cc(C)n1)c1ccc(F)c(Cl)c1,54,0,train4
104,Cc1cc(C(F)(F)F)cc(N2C(=O)OC[C@H]2C(=O)N(c2ccc(F)c(Cl)c2)C(C)C)n1,35,0,train4
105,Cc1cc(C(F)(F)F)cc(N2C(=O)OC[C@H]2C(=O)N(C)c2ccc(C)c(O)c2)n1,19,1,train2
106,Cc1cc(C(F)(F)F)cc(N2C(=O)OC[C@H]2C(=O)N(C)c2ccc(F)c(O)c2)n1,324,0,train2
107,C=Cc1c(F)ccc(N(C)C(=O)[C@@H]2COC(=O)N2c2cc(C(F)(F)F)cc(C)n2)c1F,18,1,test
108,CCc1c(F)ccc(N(C)C(=O)[C@@H]2COC(=O)N2c2cc(C(F)(F)F)cc(C)n2)c1F,12,1,test
109,C=Cc1cc(N(C)C(=O)[C@@H]2COC(=O)N2c2cc(C(F)(F)F)cc(C)n2)ccc1F,49,0,train4
110,CCc1cc(N(C)C(=O)[C@@H]2COC(=O)N2c2cc(C(F)(F)F)cc(C)n2)ccc1F,21,1,train3
111,C=Cc1ccc(N(C)C(=O)[C@@H]2COC(=O)N2c2cc(C(F)(F)F)cc(C)n2)c(F)c1,18,1,train4
112,CCc1ccc(N(C)C(=O)[C@@H]2COC(=O)N2c2cc(C(F)(F)F)cc(C)n2)c(F)c1,11,1,train1
113,CN(C(=O)[C@@H]1COC(=O)N1c1cc(C(F)(F)F)cc(Cl)n1)c1ccc(F)c(Cl)c1,21,1,train2
114,C=Cc1cc(C(F)(F)F)cc(N2C(=O)OC[C@H]2C(=O)N(C)c2ccc(F)c(Cl)c2)n1,46,0,train2
115,CCc1cc(C(F)(F)F)cc(N2C(=O)OC[C@H]2C(=O)N(C)c2ccc(F)c(Cl)c2)n1,54,0,train1
116,Cc1cc(Br)cc(N2C(=O)OC[C@H]2C(=O)N(C)c2ccc(F)c(Cl)c2)n1,71,0,train2
117,C=C(C)c1cc(C)nc(N2C(=O)OC[C@H]2C(=O)N(C)c2ccc(F)c(Cl)c2)c1,61,0,train5
118,Cc1cc(C(C)C)cc(N2C(=O)OC[C@H]2C(=O)N(C)c2ccc(F)c(Cl)c2)n1,25,1,train5
119,CCc1cc(C)nc(N2C(=O)OC[C@H]2C(=O)N(C)c2ccc(F)c(Cl)c2)c1,39,0,train5
120,CN(C(=O)[C@@H]1COC(=O)N1c1cc(OC(F)F)cc(Cl)n1)c1ccc(F)c(Cl)c1,94,0,train3
121,Cc1cc(OC(F)F)cc(N2C(=O)OC[C@H]2C(=O)N(C)c2ccc(F)c(Cl)c2)n1,167,0,train1
122,CN(C(=O)[C@@H]1COC(=O)N1c1cc(C(C)(C)C)cc(Cl)n1)c1ccc(F)c(Cl)c1,41,0,test
123,Cc1cc(C(C)(C)C)cc(N2C(=O)OC[C@H]2C(=O)N(C)c2ccc(F)c(Cl)c2)n1,36,0,train2
124,Cc1cc(C(C)C(F)(F)F)cc(N2C(=O)OC[C@H]2C(=O)N(C)c2ccc(F)c(Cl)c2)n1,304,0,train5
125,CCN(C(=O)[C@@H]1COC(=O)N1c1cc(C(C)(F)F)cc(C)n1)c1ccc(F)c(Cl)c1,261,0,train3
126,Cc1cc(C(F)(F)F)cc(N2C(=O)OC[C@H]2C(=O)N(C)c2ccc3cc[nH]c3c2)n1,11,1,train3
127,Cc1cc(C(F)(F)F)cc(N2C(=O)OC[C@H]2C(=O)N(C)c2ccc3cc[nH]c3n2)n1,15,1,train2
128,CCN(C(=O)[C@@H]1C[C@H](N2CCOC(CO)C2)CN1c1cc(C(F)(F)F)cc(C)n1)c1ccc(F)c(F)c1,42,0,train2
129,CCN(C(=O)[C@@H]1C[C@H](N2CCC(O)C2)CN1c1cc(C(F)(F)F)cc(C)n1)c1ccc(F)c(F)c1,78,0,test
130,CCN(C(=O)[C@@H]1C[C@H](N2CC(O)C2)CN1c1cc(C(F)(F)F)cc(C)n1)c1ccc(F)c(F)c1,100,0,train3
131,CCN(C(=O)[C@@H]1C[C@H](N[C@@H]2CCOC[C@H]2O)CN1c1cc(C(F)(F)F)cc(C)n1)c1ccc(F)c(F)c1,248,0,train3
132,CCN(C(=O)[C@@H]1C[C@H](N[C@@H]2COCC[C@H]2O)CN1c1cc(C(F)(F)F)cc(C)n1)c1ccc(F)c(F)c1,156,0,train2
133,CCN(C(=O)[C@@H]1C[C@H](N[C@@H]2CCC[C@H]2O)CN1c1cc(C(F)(F)F)cc(C)n1)c1ccc(F)c(F)c1,122,0,train4
134,CCN(C(=O)[C@@H]1C[C@H](N[C@H]2CCC[C@H]2O)CN1c1cc(C(F)(F)F)cc(C)n1)c1ccc(F)c(F)c1,124,0,train4
135,CCN(C(=O)[C@@H]1C[C@H](N[C@@H]2CN(C(=O)OC(C)(C)C)C[C@H]2O)CN1c1cc(C(F)(F)F)cc(C)n1)c1ccc(F)c(F)c1,223,0,train4
136,CCN(C(=O)[C@@H]1C[C@H](N[C@H]2CN(C(=O)OC(C)(C)C)C[C@H]2O)CN1c1cc(C(F)(F)F)cc(C)n1)c1ccc(F)c(F)c1,45,0,train1
137,CCN(C(=O)[C@@H]1C[C@H](NC2CNC(=O)C2)CN1c1cc(C(F)(F)F)cc(C)n1)c1ccc(F)c(F)c1,300,0,train3
138,CCN(C(=O)[C@@H]1C[C@H](NC2COC2)CN1c1cc(C(F)(F)F)cc(C)n1)c1ccc(F)c(F)c1,165,0,train5
139,CCN(C(=O)[C@@H]1C[C@H](N(C)[C@@H]2CCOC[C@H]2O)CN1c1cc(C(F)(F)F)cc(C)n1)c1ccc(F)c(F)c1,164,0,train5
140,CCN(C(=O)[C@@H]1C[C@H](N(C)[C@@H]2COCC[C@H]2O)CN1c1cc(C(F)(F)F)cc(C)n1)c1ccc(F)c(F)c1,60,0,train5
141,CCN(C(=O)[C@@H]1C[C@H](N(C)[C@@H]2CCC[C@H]2O)CN1c1cc(C(F)(F)F)cc(C)n1)c1ccc(F)c(F)c1,56,0,test
142,CCN(C(=O)[C@@H]1C[C@H](N(C)[C@H]2CCC[C@H]2O)CN1c1cc(C(F)(F)F)cc(C)n1)c1ccc(F)c(F)c1,160,0,train5
143,CCN(C(=O)[C@@H]1C[C@H](N(C)[C@@H]2CN(C(=O)OC(C)(C)C)C[C@H]2O)CN1c1cc(C(F)(F)F)cc(C)n1)c1ccc(F)c(F)c1,409,0,train3
144,CCN(C(=O)[C@@H]1C[C@H](N(C)[C@H]2CN(C(=O)OC(C)(C)C)C[C@H]2O)CN1c1cc(C(F)(F)F)cc(C)n1)c1ccc(F)c(F)c1,1312,0,train5
145,CCN(C(=O)[C@@H]1C[C@H](N(C)C2CNC(=O)C2)CN1c1cc(C(F)(F)F)cc(C)n1)c1ccc(F)c(F)c1,708,0,train3
146,CCN(C(=O)[C@@H]1C[C@H](N(C)C2COC2)CN1c1cc(C(F)(F)F)cc(C)n1)c1ccc(F)c(F)c1,163,0,test
147,CCN(C(=O)[C@@H]1C[C@H](N2CCOC(CO)C2)CN1c1nc(C)cc(C(F)(F)F)c1C#N)c1cccc(Cl)c1,28,1,test
148,CCN(C(=O)[C@@H]1C[C@H](N2CCOC(CO)C2)CN1c1nc(C)cc(C(F)(F)F)c1C#N)c1ccc(Cl)c(Cl)c1,6,1,train2
149,CCN(C(=O)[C@@H]1C[C@H](N2CCOC(CO)C2)CN1c1nc(C)cc(C(F)(F)F)c1C#N)c1ccc(C)c(Cl)c1,5,1,train4
150,CCN(C(=O)[C@@H]1C[C@H](N2CCOC(CO)C2)CN1c1nc(C)cc(C(F)(F)F)c1C#N)c1ccc(F)c(C)c1,11,1,train1
151,Cc1cc(C(F)(F)F)c(C#N)c(N2C[C@@H](N3CCOC(CO)C3)C[C@H]2C(=O)N(C)c2ccc(F)c(Cl)c2)n1,23,1,train4
152,CCN(C(=O)[C@@H]1C[C@H](N2CCOC[C@@H]2CO)CN1c1nc(C)cc(C(F)(F)F)c1C#N)c1ccc(F)c(Cl)c1,26,1,train3
153,CCN(C(=O)[C@@H]1C[C@H](N2CCOC[C@H]2CO)CN1c1nc(C)cc(C(F)(F)F)c1C#N)c1ccc(F)c(Cl)c1,104,0,train1
154,CCN(C(=O)[C@@H]1C[C@H](N2CCO[C@H](CO)C2)CN1c1nc(C)cc(C(F)(F)F)c1C#N)c1ccc(F)c(Cl)c1,15,1,train2
155,CCN(C(=O)[C@@H]1C[C@H](N2CCO[C@@H](CO)C2)CN1c1nc(C)cc(C(F)(F)F)c1C#N)c1ccc(F)c(Cl)c1,15,1,train3
156,Cc1cc(C(F)(F)F)cc(N2C(=O)NC[C@H]2C(=O)N(C)c2ccc(F)c(Cl)c2)n1,4,1,train2
157,CCN(C(=O)[C@@H]1CNC(=O)N1c1cc(C(F)(F)F)cc(C)n1)c1ccc(F)c(Cl)c1,32,0,train5
158,Cc1cc(C(F)(F)F)cc(N2C(=O)NC[C@H]2C(=O)N(C)c2ccc(F)c(Cl)c2F)n1,2,1,train1
159,Cc1cc(C(F)(F)F)cc(N2C(=O)N(S(C)(=O)=O)C[C@H]2C(=O)N(C)c2ccc(F)c(Cl)c2)n1,178,0,train3
160,Cc1cc(C(F)(F)F)cc(N2C(=O)N(CC(C)O)C[C@H]2C(=O)N(C)c2ccc(F)c(Cl)c2)n1,6,1,train3
161,Cc1cc(C(F)(F)F)cc(N2C(=O)NC[C@H]2C(=O)N(c2ccc(F)c(Cl)c2F)C2CC2)n1,12,1,train2
162,Cc1cc(C(F)(F)F)cc(N2C(=O)[C@@H](O)[C@@H](O)[C@H]2C(=O)N(C)c2ccc(Cl)cc2F)n1,20,1,train4
163,Cc1cc(C(F)(F)F)cc(N2C(=O)[C@@H](O)[C@@H](O)[C@H]2C(=O)N(C)c2ccc3cc[nH]c3n2)n1,7,1,train1
164,Cc1cc(C(F)(F)F)cc(N2C(=O)[C@@H](O)[C@@H](O)[C@H]2C(=O)N(C)c2ccc3ccn(C)c3n2)n1,56,0,train5
165,Cc1cc(C(F)(F)F)cc(N2C(=O)[C@@H](O)[C@@H](O)[C@H]2C(=O)N(C)c2ccc3cnn(C)c3n2)n1,71,0,test
166,Cc1cc(C(F)(F)F)cc(N2C(=O)[C@@H](O)[C@@H](O)[C@H]2C(=O)N(C)c2ccc3c(n2)N(C)CCO3)n1,106,0,train5
167,Cc1cc(C(F)(F)F)cc(N2C(=O)[C@@H](O)[C@@H](O)[C@H]2C(=O)N(C)c2ccc(F)c(C)n2)n1,193,0,train4
168,Cc1cc(C(F)(F)F)cc(N2C(=O)OC[C@H]2C(=O)N(C)c2ccc(Cl)cc2Cl)n1,68,0,train3
169,Cc1cc(C(F)(F)F)cc(N2C(=O)OC[C@H]2C(=O)N(C)c2ccc(Br)c(Cl)c2)n1,20,1,test
170,Cc1cc(C(F)(F)F)cc(N2C(=O)OC[C@H]2C(=O)N(C)c2ccc(C3CC3)c(Cl)c2)n1,13,1,train2
171,Cc1cc(C(F)(F)F)cc(N2C(=O)OC[C@H]2C(=O)N(C)c2ccc3cn[nH]c3c2)n1,158,0,train4
172,Cc1cc(C(F)(F)F)cc(N2C(=O)OC[C@H]2C(=O)N(C)c2cccc(N)n2)n1,519,0,train2
173,CNc1cccc(N(C)C(=O)[C@@H]2COC(=O)N2c2cc(C(F)(F)F)cc(C)n2)n1,94,0,train3
174,Cc1cc(C(F)(F)F)cc(N2C(=O)OC[C@H]2C(=O)N(C)c2cccc(N(C)C)n2)n1,109,0,train2
175,Cc1cc(C(F)(F)F)cc(N2C(=O)OC[C@H]2C(=O)N(C)c2ccc3cccnc3c2)n1,833,0,train4
176,Cc1cc(C(F)(F)F)cc(N2C(=O)NC[C@H]2C(=O)N(c2ccc(F)c(Cl)c2)C(C)C)n1,15,1,train5
177,Cc1cc(C(F)(F)F)cc(N2C(=O)N(CCS(C)(=O)=O)C[C@H]2C(=O)N(C)c2ccc(F)c(Cl)c2)n1,9,1,test
178,Cc1cc(C(F)(F)F)cc(N2C(=O)N(CCS(=O)(=O)N(C)C)C[C@H]2C(=O)N(C)c2ccc(F)c(Cl)c2)n1,45,0,train4
179,Cc1cc(C(F)(F)F)cc(N2C(=O)N(CCN(C)C)C[C@H]2C(=O)N(C)c2ccc(F)c(Cl)c2)n1,61,0,train1
180,Cc1cc(C(F)(F)F)cc(N2C(=O)N(CCCN(C)C)C[C@H]2C(=O)N(C)c2ccc(F)c(Cl)c2)n1,24,1,train4
181,Cc1cc(C(F)(F)F)cc(N2C(=O)N(CC(N)=O)C[C@H]2C(=O)N(C)c2ccc(F)c(Cl)c2)n1,13,1,train2
182,Cc1cc(C(F)(F)F)cc(N2C(=O)N(CC(=O)N(C)C)C[C@H]2C(=O)N(C)c2ccc(F)c(Cl)c2)n1,10,1,train1
183,Cc1cc(C(F)(F)F)cc(N2C(=O)N(CC3(CO)COC3)C[C@H]2C(=O)N(C)c2ccc(F)c(Cl)c2F)n1,9,1,train4
184,Cc1cc(C(F)(F)F)cc(N2C(=O)N(CCNS(C)(=O)=O)C[C@H]2C(=O)N(C)c2ccc(F)c(Cl)c2)n1,22,1,train5
185,Cc1cc(C(F)(F)F)cc(N2C(=O)N(CC3CNC3)C[C@H]2C(=O)N(C)c2ccc(F)c(Cl)c2F)n1,18,1,train2
186,Cc1cc(C(F)(F)F)cc(N2C(=O)N(CC3CN(C)C3)C[C@H]2C(=O)N(C)c2ccc(F)c(Cl)c2F)n1,32,0,test
187,Cc1cc(C(F)(F)F)cc(N2C(=O)N(CCC(=O)N(C)C)C[C@H]2C(=O)N(C)c2ccc(F)c(Cl)c2)n1,13,1,train1
188,CNC(=O)CCN1C[C@@H](C(=O)N(C)c2ccc(F)c(Cl)c2)N(c2cc(C(F)(F)F)cc(C)n2)C1=O,12,1,test
189,Cc1cc(C(F)(F)F)cc(N2C(=O)N(CCN3CCNCC3)C[C@H]2C(=O)N(C)c2ccc(F)c(Cl)c2F)n1,9,1,train1
190,Cc1cc(C(F)(F)F)cc(N2C(=O)N(CCO)C[C@H]2C(=O)N(C)c2ccc(F)c(Cl)c2)n1,6,1,train4
191,Cc1cc(C(F)(F)F)cc(N2C(=O)N(CCN3CCOCC3)C[C@H]2C(=O)N(C)c2ccc(F)c(Cl)c2)n1,7,1,test
192,Cc1cc(C(F)(F)F)cc(N2C(=O)N(CCN3CCOCC3)C[C@H]2C(=O)N(C)c2ccc(F)c(Cl)c2F)n1,4,1,train1
193,Cc1cc(C(F)(F)F)cc(N2C(=O)N(CCN3CC[C@@H](O)C3)C[C@H]2C(=O)N(C)c2ccc(F)c(Cl)c2)n1,24,1,train1
194,Cc1cc(C(F)(F)F)cc(N2C(=O)N(CCN3CC[C@H](O)C3)C[C@H]2C(=O)N(C)c2ccc(F)c(Cl)c2)n1,19,1,test
195,Cc1cc(C(F)(F)F)cc(N2C(=O)N(CCN3CCC[C@H]3CO)C[C@H]2C(=O)N(C)c2ccc(F)c(Cl)c2)n1,28,1,train2
196,Cc1cc(C(F)(F)F)cc(N2C(=O)N(CCN3CCC[C@@H]3CO)C[C@H]2C(=O)N(C)c2ccc(F)c(Cl)c2)n1,32,0,train2
197,Cc1cc(C(F)(F)F)cc(N2C(=O)N(CCN3CCC3)C[C@H]2C(=O)N(C)c2ccc(F)c(Cl)c2)n1,12,1,test
198,Cc1cc(C(F)(F)F)cc(N2C(=O)N(CCN3CCC3)C[C@H]2C(=O)N(C)c2ccc(F)c(Cl)c2F)n1,26,1,train4
199,Cc1cc(C(F)(F)F)cc(N2C(=O)N(CCN3CC(O)C3)C[C@H]2C(=O)N(C)c2ccc(F)c(Cl)c2F)n1,7,1,train1
200,Cc1cc(C(F)(F)F)cc(N2C(=O)N(CCN3CCC3CO)C[C@H]2C(=O)N(C)c2ccc(F)c(Cl)c2F)n1,10,1,train4
201,CC(=O)N1CCN(CCN2C[C@@H](C(=O)N(C)c3ccc(F)c(Cl)c3F)N(c3cc(C(F)(F)F)cc(C)n3)C2=O)CC1,3,1,train5
202,Cc1cc(C(F)(F)F)cc(N2C(=O)N(CCN3CC[C@H](F)C3)C[C@H]2C(=O)N(C)c2ccc(F)c(Cl)c2F)n1,6,1,train4
203,Cc1cc(C(F)(F)F)cc(N2C(=O)N(CCN3CCC(F)(F)C3)C[C@H]2C(=O)N(C)c2ccc(F)c(Cl)c2F)n1,15,1,train3
204,CC(=O)N(C)C1CCN(CCN2C[C@@H](C(=O)N(C)c3ccc(F)c(Cl)c3F)N(c3cc(C(F)(F)F)cc(C)n3)C2=O)C1,7,1,train3
205,Cc1cc(C(F)(F)F)cc(N2C(=O)N(CCN3CCS(=O)(=O)CC3)C[C@H]2C(=O)N(C)c2ccc(F)c(Cl)c2F)n1,9,1,train5
206,Cc1cc(C(F)(F)F)cc(N2C(=O)N(CCN3CCN(CCO)CC3)C[C@H]2C(=O)N(C)c2ccc(F)c(Cl)c2F)n1,8,1,train2
207,Cc1cc(C(F)(F)F)cc(N2C(=O)N(CCN3CCN(C)C(=O)C3)C[C@H]2C(=O)N(C)c2ccc(F)c(Cl)c2F)n1,7,1,train4
208,Cc1cc(C(F)(F)F)cc(N2C(=O)N(CCN3CCC(C#N)CC3)C[C@H]2C(=O)N(C)c2ccc(F)c(Cl)c2F)n1,5,1,train3
209,Cc1cc(C(F)(F)F)cc(N2C(=O)N(CCS(C)(=N)=O)C[C@H]2C(=O)N(C)c2ccc(F)c(Cl)c2F)n1,6,1,train5
210,Cc1cc(C(F)(F)F)cc(N2C(=O)N(CCS(C)(=N)=O)C[C@H]2C(=O)N(C)c2ccc(F)c(Cl)c2)n1,26,1,test
211,Cc1cc(C(F)(F)F)cc(N2C(=O)N(CC(O)CN(C)C)C[C@H]2C(=O)N(C)c2ccc(F)c(Cl)c2F)n1,11,1,test
212,Cc1cc(C(F)(F)F)cc(N2C(=O)N(CC(O)CN3CC[C@H](F)C3)C[C@H]2C(=O)N(C)c2ccc(F)c(Cl)c2F)n1,8,1,train4
213,Cc1cc(C(F)(F)F)cc(N2C(=O)N(CC(O)CN3CCC(F)(F)C3)C[C@H]2C(=O)N(C)c2ccc(F)c(Cl)c2F)n1,4,1,train5
214,Cc1cc(C(F)(F)F)cc(N2C(=O)N(CC(O)CN3CCOCC3)C[C@H]2C(=O)N(C)c2ccc(F)c(Cl)c2F)n1,7,1,train2
215,Cc1cc(C(F)(F)F)cc(N2C(=O)N(CC3CNCCO3)C[C@H]2C(=O)N(C)c2ccc(F)c(Cl)c2F)n1,16,1,train3
216,Cc1cc(C(F)(F)F)cc(N2C(=O)N(CC3CN(C)CCO3)C[C@H]2C(=O)N(C)c2ccc(F)c(Cl)c2F)n1,11,1,train3
217,Cc1cc(C(F)(F)F)cc(N2C(=O)N(CCCN3CCNCC3)C[C@H]2C(=O)N(C)c2ccc(F)c(Cl)c2F)n1,11,1,train5
218,CC(=O)N1CCN(CCCN2C[C@@H](C(=O)N(C)c3ccc(F)c(Cl)c3F)N(c3cc(C(F)(F)F)cc(C)n3)C2=O)CC1,11,1,train3
219,Cc1cc(C(F)(F)F)cc(N2C(=O)N(CC3(O)CCNC3)C[C@H]2C(=O)N(C)c2ccc(F)c(Cl)c2F)n1,9,1,train4
220,Cc1cc(C(F)(F)F)cc(N2C(=O)N(CC3(O)CCN(C)C3)C[C@H]2C(=O)N(C)c2ccc(F)c(Cl)c2F)n1,8,1,train2
221,Cc1cc(C(F)(F)F)cc(N2C(=O)N(CC3(O)CNC3)C[C@H]2C(=O)N(C)c2ccc(F)c(Cl)c2F)n1,6,1,train5
222,Cc1cc(C(F)(F)F)cc(N2C(=O)N(CC3(O)CNC3)C[C@H]2C(=O)N(C)c2ccc(F)c(Cl)c2)n1,17,1,train3
223,Cc1cc(C(F)(F)F)cc(N2C(=O)N(CC(O)CO)C[C@H]2C(=O)N(C)c2ccc(F)c(Cl)c2F)n1,19,1,test
224,Cc1cc(C(F)(F)F)cc(N2C(=O)N(CCOS(N)(=O)=O)C[C@H]2C(=O)N(C)c2ccc(F)c(Cl)c2F)n1,6,1,train3
225,Cc1cc(C(F)(F)F)cc(N2C(=O)N(CCN=S(C)(C)=O)C[C@H]2C(=O)N(C)c2ccc(F)c(Cl)c2)n1,62,0,train5
226,Cc1cc(C(F)(F)F)cc(N2C(=O)N(C[C@H]3CN(C)C(=O)O3)C[C@H]2C(=O)N(C)c2ccc(F)c(Cl)c2F)n1,15,1,train5
227,Cc1cc(C(F)(F)F)cc(N2C(=O)N(C[C@@H]3CN(C)C(=O)O3)C[C@H]2C(=O)N(C)c2ccc(F)c(Cl)c2F)n1,16,1,test
228,Cc1cc(C(F)(F)F)cc(N2C(=O)N(CC(O)CO)C[C@H]2C(=O)N(c2ccc(F)c(Cl)c2)C2CC2)n1,94,0,test
229,Cc1cc(C(F)(F)F)cc(N2C(=O)N(CCC(O)CO)C[C@H]2C(=O)N(C)c2ccc(F)c(Cl)c2)n1,15,1,train2
230,Cc1cc(C(F)(F)F)cc(N2C(=O)NC[C@H]2C(=O)N(C)c2ccc3cc[nH]c3c2)n1,3,1,train2
231,Cc1cc(C(F)(F)F)cc(N2C(=O)NC[C@H]2C(=O)N(C)c2ccc3ccn(C)c3c2)n1,5,1,train5
232,Cc1cc(C(F)(F)F)cc(N2C(=O)NC[C@H]2C(=O)N(C)c2ccc3cnn(C)c3c2)n1,27,1,train1
233,Cc1cc(C(F)(F)F)cc(N2C(=O)NC[C@H]2C(=O)N(C)c2ccc3occ(C)c3n2)n1,14,1,train3
234,Cc1cc(C(F)(F)F)cc(N2C(=O)NC[C@H]2C(=O)N(C)c2ccc3sccc3n2)n1,37,0,train2
235,Cc1cc(C(F)(F)F)cc(N2C(=O)NC[C@H]2C(=O)N(C)c2ccc3c(C)n[nH]c3c2)n1,28,1,test
236,Cc1cc(C(F)(F)F)cc(N2C(=O)NC[C@H]2C(=O)N(C)c2ccc3c(F)c[nH]c3n2)n1,6,1,train1
237,Cc1cc(C(F)(F)F)cc(N2C(=O)NC[C@H]2C(=O)N(C)c2ccc3c(Cl)c[nH]c3n2)n1,7,1,train1
238,Cc1cc(C(F)(F)F)c(C#N)c(N2[C@H](C(=O)N(C)c3ccc(F)c(Cl)c3)CC[C@H]2C)n1,240,0,test
239,Cc1cc(C(F)(F)F)c(C#N)c(N2[C@@H](C)CC[C@H]2C(=O)N(C)c2ccc(F)c(Cl)c2)n1,311,0,train5
240,Cc1cc(C(F)(F)F)c(C#N)c(N2CCC[C@H]2C(=O)N(C)c2ccc3ccn(C)c3n2)n1,39,0,test
241,Cc1cc(C(F)(F)F)c(C#N)c(N2CCC[C@H]2C(=O)N(C)c2cc(Cl)c3ccn(C)c3n2)n1,130,0,train3
242,Cc1cc(C(F)(F)F)c(C#N)c(N2CCC[C@H]2C(=O)N(C)c2ccc3c(n2)N(C)CCO3)n1,74,0,train5
243,CCN(C(=O)COc1nc(C)cc(C)c1C#N)c1cccc(C)c1,4400,0,train3
244,CCN(C(=O)COc1nc(C)cc(C(F)(F)F)c1C#N)c1cccc(C)c1,500,0,train3
245,CCN(C(=O)COc1nc(C)c(Cl)c(C)c1C#N)c1cccc(C)c1,630,0,test
246,CCN(C(=O)COc1nc(C)c(Br)c(C)c1C#N)c1cccc(C)c1,1500,0,train3
247,CCN(C(=O)COc1nc(C)c(Br)c(C(F)(F)F)c1C#N)c1cccc(C)c1,400,0,train2
248,CCN(C(=O)COc1cc(C)cc(C)n1)c1cccc(C)c1,4200,0,train1
249,CCN(C(=O)COc1cc(C(F)(F)F)cc(C)n1)c1cccc(C)c1,530,0,train2
250,CCN(C(=O)COc1cc(C(C)C)cc(C)n1)c1cccc(C)c1,400,0,train1
251,CCN(C(=O)CNc1nc(C)cc(C)c1C#N)c1cccc(C)c1,1800,0,train2
252,CCN(C(=O)[C@H](C)Nc1nc(C)cc(C)c1C#N)c1cccc(C)c1,230,0,train5
253,CCN(C(=O)[C@@H](C)Nc1nc(C)cc(C(C)C)c1C#N)c1cccc(C)c1,49,0,train4
254,CCN(C(=O)[C@H](C)Nc1nc(C)cc(C(F)(F)F)c1C#N)c1cccc(C)c1,29,1,test
255,CCN(C(=O)[C@@H](C)Nc1nc(C)cc(C(F)(F)F)c1C#N)c1cccc(C)c1,5100,0,train1
256,CCN(C(=O)[C@@H]1CCCN1c1nc(C)cc(C)c1C#N)c1cccc(C)c1,72,0,test
257,CCN(C(=O)[C@@H]1COCCN1c1nc(C)cc(C(F)(F)F)c1C#N)c1cccc(C)c1,2700,0,test
258,CCN(C(=O)[C@H](CO)Nc1nc(C)cc(C(F)(F)F)c1C#N)c1cccc(C)c1,79,0,train5
259,Cc1cccc(N(C)C(=O)[C@H]2C[C@@H](O)CN2c2nc(C)cc(C(F)(F)F)c2C#N)c1,>12000,0,train4
260,Cc1cc(C(F)(F)F)cc(N2C(=O)[C@H](O)[C@H](O)[C@@H]2C(=O)N(C)c2ccc(F)c(Cl)c2)n1,>12000,0,train1
261,Cc1cccc(-n2cnnc2[C@@H]2CCCN2c2nc(C)cc(C(F)(F)F)c2C#N)c1,64,0,test
262,Cc1cccc(-n2c(C)nnc2[C@@H]2CCCN2c2nc(C)cc(C(F)(F)F)c2C#N)c1,116,0,test
263,Cc1cccc(-n2cnnc2[C@@H]2C[C@H](O)CN2c2nc(C)cc(C(F)(F)F)c2C#N)c1,125,0,train4
264,Cc1cccc(-n2cnnc2[C@@H]2C[C@H](O)CN2c2nc(C)cc(C)c2C#N)c1,480,0,train2
265,CCc1c(C)cnc(N2C[C@@H](O)C[C@H]2c2nncn2-c2cccc(C)c2)c1C#N,2634,0,train4
266,Cc1cccc(-n2cnnc2[C@@H]2C[C@H](O)CN2c2nc(C)cc(C(F)(F)F)c2C#N)n1,2995,0,train5
267,Cc1cc(C(F)(F)F)c(C#N)c(N2C[C@@H](O)C[C@H]2c2nncn2-c2cccc(F)c2)n1,1056,0,train4
268,Cc1cc(C(F)(F)F)c(C#N)c(N2C[C@@H](O)C[C@H]2c2nncn2-c2ccc(F)c(F)c2)n1,1511,0,test
269,Cc1ccc(-n2ccnc2[C@@H]2CCCN2c2nc(C)cc(C(F)(F)F)c2C#N)cc1,9,1,train1
270,Cc1cc(C(F)(F)F)c(C#N)c(N2CCC[C@H]2c2nccn2-c2ccccn2)n1,481,0,train3
271,Cc1cccc(-n2ccnc2[C@@H]2CCCN2c2nc(C)cc(C(F)(F)F)c2C#N)n1,43,0,train2
272,Cc1cccc(-n2ccnc2[C@@H]2CCCN2c2nc(C)cc(C(F)(F)F)c2C#N)c1,8,1,train5
273,Cc1ccnc(-n2ccnc2[C@@H]2CCCN2c2nc(C)cc(C(F)(F)F)c2C#N)c1,176,0,train3
274,Cc1cc(-n2ccnc2[C@@H]2CCCN2c2nc(C)cc(C(F)(F)F)c2C#N)ccn1,1390,0,test
275,Cc1cncc(-n2ccnc2[C@@H]2CCCN2c2nc(C)cc(C(F)(F)F)c2C#N)c1,1120,0,train2
276,Cc1ccc(-n2ccnc2[C@@H]2CCCN2c2nc(C)cc(C(F)(F)F)c2C#N)cn1,1811,0,train5
277,Cc1cc(C(F)(F)F)c(C#N)c(N2CCC[C@H]2c2nccn2-c2ccccc2C#N)n1,1556,0,train1
278,Cc1cc(C(F)(F)F)c(C#N)c(N2CCC[C@H]2c2nccn2-c2ccc(C#N)cc2)n1,2390,0,test
279,COc1c(F)cccc1-n1ccnc1[C@@H]1CCCN1c1nc(C)cc(C(F)(F)F)c1C#N,111,0,train3
280,COc1ccccc1-n1ccnc1[C@@H]1CCCN1c1nc(C)cc(C(F)(F)F)c1C#N,216,0,train1
281,Cc1cc(C(F)(F)F)c(C#N)c(N2CCC[C@H]2c2nccn2-c2ccccc2CO)n1,709,0,train1
282,Cc1cc(C(F)(F)F)c(C#N)c(N2CCC[C@H]2c2nccn2-c2ccccc2C(N)=O)n1,64,0,train4
283,Cc1cc(C(F)(F)F)c(C#N)c(N2CCC[C@H]2c2nccn2-c2ccccc2CN)n1,1247,0,train1
284,Cc1cc(C(F)(F)F)c(C#N)c(N2CCC[C@H]2c2nccn2-c2ccccc2CN(C)C)n1,3114,0,train5
285,Cc1cc(C)nc(-n2ccnc2[C@@H]2C[C@H](O)CN2c2nc(C)cc(C(F)(F)F)c2C#N)c1,3073,0,train4
286,Cc1cccc(-n2ccnc2[C@@H]2C[C@H](O)CN2c2nc(C)cc(C(F)(F)F)c2C#N)n1,865.5,0,train1
287,Cc1cc(C(F)(F)F)c(C#N)c(N2C[C@@H](O)C[C@H]2c2nccn2-c2ccc(F)cn2)n1,19,1,test
288,Cc1cc(C(F)(F)F)c(C#N)c(N2C[C@@H](O)C[C@H]2c2nccn2-c2ccn(C)n2)n1,459,0,train1
289,Cc1cc(C(F)(F)F)c(C#N)c(N2C[C@@H](O)C[C@H]2c2nccn2-c2nc(C)ccc2F)n1,71,0,train5
290,Cc1cc(C(F)(F)F)c(C#N)c(N2C[C@@H](O)C[C@H]2c2nccn2-c2ccc(F)c(C)n2)n1,95,0,test
291,Cc1cc(C(F)(F)F)c(C#N)c(N2C[C@@H](O)C[C@H]2c2nccn2-c2ccc(F)c(C(F)(F)F)n2)n1,92,0,train4
292,Cc1cc(C)c(C#N)c(N2C[C@@H](O)C[C@H]2c2nccn2-c2ccc(Cl)cn2)n1,1183,0,train2
293,Cc1cccc(-n2ccnc2[C@@H]2C[C@H](O)CN2c2nc(C)cc(C)c2C#N)n1,3221,0,train4
294,Cc1cc(C(F)(F)F)c(C#N)c(N2C[C@@H](O)C[C@H]2c2nc(C)cn2-c2ccc(F)c(Cl)c2)n1,362,0,train4
295,Cc1cccc(-n2ccnc2[C@@H]2[C@@H](O)[C@@H](O)CN2c2nc(C)cc(C(F)(F)F)c2C#N)n1,81,0,train2
296,Cc1cc(C(F)(F)F)c(C#N)c(N2C[C@H](O)[C@H](O)[C@H]2c2nccn2-c2ccc(F)c(C)c2)n1,641,0,train3
297,Cc1cc(C(F)(F)F)c(C#N)c(N2[C@H](c3nccn3-c3ccc(F)c(C)n3)C[C@H]3C[C@H]32)n1,27,1,train5
298,Cc1cc(C(F)(F)F)c(C#N)c(N2[C@H](c3nccn3-c3ccc(F)c(Cl)c3)C[C@@]3(CO)C[C@@H]23)n1,54,0,train2
299,CC(=O)N[C@H]1C[C@@H](c2nccn2-c2ccc(F)c(C)n2)N(c2nc(C)cc(C(F)(F)F)c2C#N)C1,3,1,train4
300,Cc1cc(C(F)(F)F)cc(N2C(=O)OC[C@H]2c2nccn2-c2ccc(F)c(Cl)c2)n1,158,0,train2
301,Cc1cc(C(F)(F)F)cc(N2C(=O)OC[C@H]2c2nc(F)cn2-c2ccc(F)c(Cl)c2)n1,10,1,train5
302,Cc1cc(C(F)(F)F)cc(N2C(=O)OC[C@H]2c2nc(Cl)cn2-c2ccc(F)c(Cl)c2)n1,5,1,train4
303,Cc1cc(C(F)(F)F)cc(N2C(=O)OC[C@H]2c2ncc(C)n2-c2ccc(F)c(Cl)c2)n1,8,1,train4
304,Cc1cc(C(F)(F)F)cc(N2C(=O)OC[C@H]2c2nccn2-c2ccc(F)c(Cl)c2F)n1,15,1,test
305,Cc1cc(C(F)(F)F)cc(N2C(=O)O[C@H](CO)C2c2nccn2-c2ccc(F)c(Cl)c2)n1,6,1,train4
306,Cc1cc(C(F)(F)F)cc(N2C(=O)[C@H](C)[C@@](C)(O)[C@H]2c2nccn2-c2ccc(F)c(Cl)c2)n1,11,1,train5
307,Cc1cc(C(F)(F)F)cc(N2C(=O)[C@@H](C)[C@@](C)(O)C2c2nccn2-c2ccc(F)c(Cl)c2)n1,7,1,train1
308,Cc1cc(C(F)(F)F)cc(N2C(=O)[C@H](C)[C@@](C)(O)[C@H]2c2nccn2-c2ccc3cc[nH]c3n2)n1,37,0,train1
309,Cc1cc(C(F)(F)F)cc(N2C(=O)[C@@H](C)[C@@](C)(O)C2c2nccn2-c2ccc3cc[nH]c3n2)n1,32,0,train3
310,Cc1cc(C(F)(F)F)cc(N2C(=O)C[C@](O)(CO)[C@H]2c2nccn2-c2ccc(F)c(Cl)c2)n1,316,0,test
311,Cc1cc(C(F)(F)F)cc(N2C(=O)[C@H](C)[C@](O)(CO)[C@H]2c2nccn2-c2ccc(F)c(Cl)c2)n1,23,1,train3
312,Cc1cc(C(F)(F)F)cc(N2C(=O)[C@@H](C)[C@](O)(CO)[C@H]2c2nccn2-c2ccc(F)c(Cl)c2)n1,23,1,test
313,Cc1cc(C(F)(F)F)cc(N2C(=O)C3(CC3)[C@](O)(CO)C2c2nccn2-c2ccc(F)c(Cl)c2)n1,43,0,train5
314,Cc1cc(C(F)(F)F)cc(N2C(=O)NC[C@H]2c2nccn2-c2ccc(F)c(Cl)c2)n1,33,0,train1
315,Cc1cc(C(F)(F)F)cc(N2C(=O)N[C@H](CO)[C@H]2c2nccn2-c2ccc(F)c(Cl)c2)n1,48,0,train2
316,Cc1cc(C(F)(F)F)cc(N2C(=O)N[C@@H](CO)[C@H]2c2nccn2-c2ccc(F)c(Cl)c2)n1,4,1,train3
317,Cc1cc(C(F)(F)F)cc(N2C(=O)N[C@H](CO)[C@H]2c2ncc(Cl)n2-c2ccc(F)c(Cl)c2)n1,3,1,train5
318,Cc1cc(C(F)(F)F)cc(N2C(=O)NC[C@H]2c2nccn2-c2ccc3ccn(C)c3n2)n1,45,0,test
319,Cc1cc(C(F)(F)F)cc(N2C(=O)NC[C@H]2c2nc(F)cn2-c2ccc3ccn(C)c3n2)n1,9,1,train1
320,Cc1cc(C(F)(F)F)cc(N2C(=O)N(C[C@H](O)CN(C)C)C[C@H]2c2nccn2-c2ccc3ccn(C)c3n2)n1,3,1,test
321,Cc1cc(C(F)(F)F)cc(N2C(=O)N(C[C@@H](O)CN(C)C)C[C@H]2c2nccn2-c2ccc3ccn(C)c3n2)n1,4,1,train4
322,Cc1cc(C(F)(F)F)cc(N2C(=O)N(C[C@H](O)CN(C)C)C[C@H]2c2nc(F)cn2-c2ccc3ccn(C)c3n2)n1,10,1,train3
323,Cc1cc(C(F)(F)F)cc(N2C(=O)N(C[C@@H](O)CN(C)C)C[C@H]2c2nc(F)cn2-c2ccc3ccn(C)c3n2)n1,4,1,test
324,Cc1cc(C(F)(F)F)cc(N2C(=O)N(CCS(C)(=N)=O)C[C@H]2c2nccn2-c2ccc3ccn(C)c3n2)n1,3,1,train5
325,Cc1cc(C(F)(F)F)cc(N2C(=O)NC[C@H]2c2nccn2-c2ccc3cc[nH]c3n2)n1,18,1,test
