NO,SMILES,Flatten SMILES,IC50 (nM),pIC50,target (10 nM),trtecv (10 nM),target (31.6 nM),trtecv (31.6 nM),target (100 nM),trtecv (100 nM)
1,Cc1cc(C(F)(F)F)c(C#N)c(N2CCC[C@H]2C(=O)N(C)c2ccccc2)n1,Cc1cc(C(F)(F)F)c(C#N)c(N2CCCC2C(=O)N(C)c2ccccc2)n1,72,7.143,0,test,0,train3,1,train5
2,Cc1cccc(N(C(=O)[C@@H]2CCCN2c2nc(C)cc(C(F)(F)F)c2C#N)C(C)C)c1,Cc1cccc(N(C(=O)C2CCCN2c2nc(C)cc(C(F)(F)F)c2C#N)C(C)C)c1,8.9,8.051,1,train2,1,test,1,train4
3,Cc1cccc(N(C)C(=O)[C@@H]2C[C@H](O)CN2c2nc(C)cc(C(F)(F)F)c2C#N)c1,Cc1cccc(N(C)C(=O)C2CC(O)CN2c2nc(C)cc(C(F)(F)F)c2C#N)c1,20,7.699,0,train4,1,train1,1,train5
4,Cc1cc(C)c(C#N)c(N2C[C@@H](O)C[C@H]2C(=O)N(C)c2ccc(F)c(F)c2)n1,Cc1cc(C)c(C#N)c(N2CC(O)CC2C(=O)N(C)c2ccc(F)c(F)c2)n1,288,6.541,0,test,0,train2,0,train2
5,Cc1cc(C(F)(F)F)c(C#N)c(N2C[C@@H](O)C[C@H]2C(=O)N(C)c2ccc(F)c(Cl)c2)n1,Cc1cc(C(F)(F)F)c(C#N)c(N2CC(O)CC2C(=O)N(C)c2ccc(F)c(Cl)c2)n1,16,7.796,0,train1,1,train5,1,train2
6,Cc1cc(C(F)(F)F)c(C#N)c(N2C[C@@H](O)C[C@H]2C(=O)N(C)c2ccc(F)c(C)c2)n1,Cc1cc(C(F)(F)F)c(C#N)c(N2CC(O)CC2C(=O)N(C)c2ccc(F)c(C)c2)n1,11,7.959,0,train3,1,test,1,train3
7,Cc1cc(C)c(C#N)c(N2C[C@@H](O)C[C@H]2C(=O)N(C)c2ccccc2)n1,Cc1cc(C)c(C#N)c(N2CC(O)CC2C(=O)N(C)c2ccccc2)n1,438,6.359,0,test,0,test,0,train1
8,Cc1cc(C(F)(F)F)c(C#N)c(N2C[C@@H](O)C[C@H]2C(=O)N(C)c2ccccc2)n1,Cc1cc(C(F)(F)F)c(C#N)c(N2CC(O)CC2C(=O)N(C)c2ccccc2)n1,180,6.745,0,train2,0,train1,0,test
9,Cc1cccc(N(C)C(=O)[C@@H]2C[C@H](O)CN2c2nc(C)cc(C)c2C#N)c1,Cc1cccc(N(C)C(=O)C2CC(O)CN2c2nc(C)cc(C)c2C#N)c1,87,7.06,0,train3,0,train2,1,test
10,Cc1cc(C)c(C#N)c(N2C[C@@H](O)C[C@H]2C(=O)N(C)c2ccc(F)c(C(F)(F)F)c2)n1,Cc1cc(C)c(C#N)c(N2CC(O)CC2C(=O)N(C)c2ccc(F)c(C(F)(F)F)c2)n1,316,6.5,0,train5,0,train5,0,train4
11,Cc1cc(C)c(C#N)c(N2C[C@@H](O)C[C@H]2C(=O)N(C)c2cccc(CF)c2)n1,Cc1cc(C)c(C#N)c(N2CC(O)CC2C(=O)N(C)c2cccc(CF)c2)n1,452,6.345,0,train1,0,train3,0,train4
12,Cc1cc(C)c(C#N)c(N2C[C@@H](O)C[C@H]2C(=O)N(C)c2cccc(C(F)F)c2)n1,Cc1cc(C)c(C#N)c(N2CC(O)CC2C(=O)N(C)c2cccc(C(F)F)c2)n1,710,6.149,0,test,0,train3,0,train1
13,Cc1cc(C)c(C#N)c(N2C[C@@H](O)C[C@H]2C(=O)N(C)c2cccc(Cl)c2)n1,Cc1cc(C)c(C#N)c(N2CC(O)CC2C(=O)N(C)c2cccc(Cl)c2)n1,180,6.745,0,train5,0,test,0,train1
14,Cc1cc(C)c(C#N)c(N2C[C@@H](O)C[C@H]2C(=O)N(C)c2ccc(F)c(CF)c2)n1,Cc1cc(C)c(C#N)c(N2CC(O)CC2C(=O)N(C)c2ccc(F)c(CF)c2)n1,415,6.382,0,train1,0,train5,0,train2
15,Cc1cc(C(F)(F)F)c(C#N)c(N2C[C@@H](O)C[C@H]2C(=O)N(C)c2ccc(F)c(CF)c2)n1,Cc1cc(C(F)(F)F)c(C#N)c(N2CC(O)CC2C(=O)N(C)c2ccc(F)c(CF)c2)n1,57,7.244,0,test,0,train4,1,train1
16,COc1cc(N(C)C(=O)[C@@H]2C[C@H](O)CN2c2nc(C)cc(C(F)(F)F)c2C#N)ccc1F,COc1cc(N(C)C(=O)C2CC(O)CN2c2nc(C)cc(C(F)(F)F)c2C#N)ccc1F,274,6.562,0,train3,0,train2,0,train1
17,Cc1cc(C(F)(F)F)c(C#N)c(N2C[C@@H](O)C[C@H]2C(=O)N(C)c2cc(F)cc(F)c2)n1,Cc1cc(C(F)(F)F)c(C#N)c(N2CC(O)CC2C(=O)N(C)c2cc(F)cc(F)c2)n1,97,7.013,0,train4,0,test,1,test
18,Cc1cc(C(F)(F)F)c(C#N)c(N2C[C@@H](O)C[C@H]2C(=O)N(C)c2ccc(Cl)c(F)c2)n1,Cc1cc(C(F)(F)F)c(C#N)c(N2CC(O)CC2C(=O)N(C)c2ccc(Cl)c(F)c2)n1,33,7.481,0,train1,0,train4,1,train5
19,Cc1cc(C(F)(F)F)c(C#N)c(N2C[C@@H](O)C[C@H]2C(=O)N(C)c2ccc(C(F)(F)F)c(F)c2)n1,Cc1cc(C(F)(F)F)c(C#N)c(N2CC(O)CC2C(=O)N(C)c2ccc(C(F)(F)F)c(F)c2)n1,524,6.281,0,train2,0,train2,0,train1
20,Cc1cc(C(F)(F)F)c(C#N)c(N2C[C@@H](O)C[C@H]2C(=O)N(C)c2cc(F)c(F)cc2F)n1,Cc1cc(C(F)(F)F)c(C#N)c(N2CC(O)CC2C(=O)N(C)c2cc(F)c(F)cc2F)n1,67,7.174,0,test,0,test,1,train2
21,CCN(C(=O)[C@@H]1C[C@H](O)CN1c1nc(C)cc(C)c1C#N)c1cccc(C)c1,CCN(C(=O)C1CC(O)CN1c1nc(C)cc(C)c1C#N)c1cccc(C)c1,77,7.114,0,train4,0,train3,1,train4
22,CCN(C(=O)[C@@H]1C[C@H](O)CN1c1nc(C)cc(C(F)(F)F)c1C#N)c1cccc(C)c1,CCN(C(=O)C1CC(O)CN1c1nc(C)cc(C(F)(F)F)c1C#N)c1cccc(C)c1,27,7.569,0,train2,1,test,1,test
23,Cc1cccc(N(C)C(=O)[C@@H]2[C@H](O)CCN2c2nc(C)cc(C(F)(F)F)c2C#N)c1,Cc1cccc(N(C)C(=O)C2C(O)CCN2c2nc(C)cc(C(F)(F)F)c2C#N)c1,8.55,8.068,1,test,1,train1,1,train5
24,Cc1cccc(N(C)C(=O)[C@@H]2[C@H](O)CCN2c2nc(C)cc(C)c2C#N)c1,Cc1cccc(N(C)C(=O)C2C(O)CCN2c2nc(C)cc(C)c2C#N)c1,32,7.495,0,test,0,train1,1,train1
25,Cc1cccc(N(C)C(=O)[C@@H]2C[C@H](O)CN2c2cc(C(F)(F)F)cc(C)n2)c1,Cc1cccc(N(C)C(=O)C2CC(O)CN2c2cc(C(F)(F)F)cc(C)n2)c1,12,7.921,0,train1,1,train2,1,train3
26,Cc1cccc(N(C)C(=O)[C@@H]2C[C@H](O)CN2c2cc(C(C)C)cc(C)n2)c1,Cc1cccc(N(C)C(=O)C2CC(O)CN2c2cc(C(C)C)cc(C)n2)c1,48,7.319,0,test,0,train4,1,train1
27,Cc1cccc(N(C)C(=O)[C@@H]2C[C@H](O)CN2c2cc(C)c(Cl)c(C)n2)c1,Cc1cccc(N(C)C(=O)C2CC(O)CN2c2cc(C)c(Cl)c(C)n2)c1,172,6.764,0,test,0,train4,0,train2
28,COc1cc(C(F)(F)F)c(C#N)c(N2C[C@@H](O)C[C@H]2C(=O)N(C)c2cccc(C)c2)n1,COc1cc(C(F)(F)F)c(C#N)c(N2CC(O)CC2C(=O)N(C)c2cccc(C)c2)n1,514,6.289,0,train1,0,test,0,train4
29,CCN(C)c1cc(C(F)(F)F)c(C#N)c(N2C[C@@H](O)C[C@H]2C(=O)N(C)c2cccc(C)c2)n1,CCN(C)c1cc(C(F)(F)F)c(C#N)c(N2CC(O)CC2C(=O)N(C)c2cccc(C)c2)n1,395,6.403,0,train1,0,train2,0,train2
30,Cc1cccc(N(C)C(=O)[C@@H]2C[C@H](O)CN2c2nc(N(C)C)cc(C(F)(F)F)c2C#N)c1,Cc1cccc(N(C)C(=O)C2CC(O)CN2c2nc(N(C)C)cc(C(F)(F)F)c2C#N)c1,209,6.68,0,train5,0,test,0,test
31,Cc1cccc(N(C)C(=O)[C@@H]2C[C@H](O)CN2c2nc(C)cc(C(C)C)c2C#N)c1,Cc1cccc(N(C)C(=O)C2CC(O)CN2c2nc(C)cc(C(C)C)c2C#N)c1,30,7.523,0,train1,1,train5,1,train3
32,Cc1cccc(N(C)C(=O)[C@@H]2C[C@H](O)CN2c2nccc(C(F)(F)F)c2C#N)c1,Cc1cccc(N(C)C(=O)C2CC(O)CN2c2nccc(C(F)(F)F)c2C#N)c1,969,6.014,0,test,0,train4,0,train3
33,CCc1cc(N2C[C@@H](O)C[C@H]2C(=O)N(C)c2cccc(C)c2)ncc1C,CCc1cc(N2CC(O)CC2C(=O)N(C)c2cccc(C)c2)ncc1C,620,6.208,0,train3,0,train4,0,train4
34,CO[C@H]1C[C@@H](C(=O)N(C)c2cccc(C)c2)N(c2nc(C)cc(C(F)(F)F)c2C#N)C1,COC1CC(C(=O)N(C)c2cccc(C)c2)N(c2nc(C)cc(C(F)(F)F)c2C#N)C1,48,7.319,0,train1,0,train4,1,train1
35,CCN(C(=O)[C@@H]1C[C@H](F)CN1c1nc(C)cc(C)c1C#N)c1ccc(F)c(F)c1,CCN(C(=O)C1CC(F)CN1c1nc(C)cc(C)c1C#N)c1ccc(F)c(F)c1,248,6.606,0,train4,0,train1,0,test
36,CCN(C(=O)[C@@H]1C[C@H](N)CN1c1nc(C)cc(C)c1C#N)c1cccc(C)c1,CCN(C(=O)C1CC(N)CN1c1nc(C)cc(C)c1C#N)c1cccc(C)c1,273,6.564,0,train2,0,train1,0,test
37,CCN(C(=O)[C@@H]1C[C@H](N(C)C)CN1c1nc(C)cc(C)c1C#N)c1cccc(C)c1,CCN(C(=O)C1CC(N(C)C)CN1c1nc(C)cc(C)c1C#N)c1cccc(C)c1,27,7.569,0,test,1,train2,1,train1
38,CCN(C(=O)[C@@H]1C[C@H](N2CCOCC2)CN1c1nc(C)cc(C)c1C#N)c1cccc(C)c1,CCN(C(=O)C1CC(N2CCOCC2)CN1c1nc(C)cc(C)c1C#N)c1cccc(C)c1,25,7.602,0,train5,1,test,1,train5
39,CCN(C(=O)[C@@H]1C[C@H](NC)CN1c1nc(C)cc(C)c1C#N)c1cccc(C)c1,CCN(C(=O)C1CC(NC)CN1c1nc(C)cc(C)c1C#N)c1cccc(C)c1,221,6.656,0,test,0,train5,0,train5
40,CCN(C(=O)[C@@H]1C[C@H](NCCO)CN1c1nc(C)cc(C)c1C#N)c1cccc(C)c1,CCN(C(=O)C1CC(NCCO)CN1c1nc(C)cc(C)c1C#N)c1cccc(C)c1,88,7.056,0,test,0,test,1,train4
41,CCN(C(=O)[C@@H]1C[C@H](NCCS(C)(=O)=O)CN1c1nc(C)cc(C)c1C#N)c1cccc(C)c1,CCN(C(=O)C1CC(NCCS(C)(=O)=O)CN1c1nc(C)cc(C)c1C#N)c1cccc(C)c1,85,7.071,0,train2,0,train1,1,train5
42,CCN(C(=O)[C@@H]1C[C@H](N(C)CCS(C)(=O)=O)CN1c1nc(C)cc(C)c1C#N)c1cccc(C)c1,CCN(C(=O)C1CC(N(C)CCS(C)(=O)=O)CN1c1nc(C)cc(C)c1C#N)c1cccc(C)c1,227,6.644,0,train2,0,train5,0,train3
43,CCN(C(=O)[C@@H]1C[C@H](NC2CCNC2=O)CN1c1nc(C)cc(C)c1C#N)c1cccc(C)c1,CCN(C(=O)C1CC(NC2CCNC2=O)CN1c1nc(C)cc(C)c1C#N)c1cccc(C)c1,329,6.483,0,test,0,train2,0,train2
44,CCN(C(=O)[C@@H]1C[C@H](N(C)C2CCNC2)CN1c1nc(C)cc(C)c1C#N)c1cccc(C)c1,CCN(C(=O)C1CC(N(C)C2CCNC2)CN1c1nc(C)cc(C)c1C#N)c1cccc(C)c1,573,6.242,0,train1,0,train3,0,test
45,CCN(C(=O)[C@@H]1C[C@H](NCCN)CN1c1nc(C)cc(C)c1C#N)c1cccc(C)c1,CCN(C(=O)C1CC(NCCN)CN1c1nc(C)cc(C)c1C#N)c1cccc(C)c1,573,6.242,0,train1,0,train4,0,train2
46,CCN(C(=O)[C@@H]1C[C@H](N2CCNCC2)CN1c1nc(C)cc(C)c1C#N)c1cccc(C)c1,CCN(C(=O)C1CC(N2CCNCC2)CN1c1nc(C)cc(C)c1C#N)c1cccc(C)c1,232,6.635,0,train4,0,train2,0,test
47,CCN(C(=O)[C@@H]1C[C@H](NC2CNC2)CN1c1nc(C)cc(C)c1C#N)c1cccc(C)c1,CCN(C(=O)C1CC(NC2CNC2)CN1c1nc(C)cc(C)c1C#N)c1cccc(C)c1,1560,5.807,0,train2,0,train1,0,train5
48,CCN(C(=O)[C@@H]1C[C@H](N(C)C2CCN(C(C)=O)C2)CN1c1nc(C)cc(C)c1C#N)c1cccc(C)c1,CCN(C(=O)C1CC(N(C)C2CCN(C(C)=O)C2)CN1c1nc(C)cc(C)c1C#N)c1cccc(C)c1,588,6.231,0,train1,0,train1,0,train4
49,Cc1cccc(N(C)C(=O)[C@@H]2[C@@H](O)[C@@H](O)CN2c2nc(C)cc(C(F)(F)F)c2C#N)c1,Cc1cccc(N(C)C(=O)C2C(O)C(O)CN2c2nc(C)cc(C(F)(F)F)c2C#N)c1,13,7.886,0,train4,1,train3,1,train1
50,Cc1cccc(N(C)C(=O)[C@@H]2[C@H](O)[C@H](O)CN2c2nc(C)cc(C)c2C#N)c1,Cc1cccc(N(C)C(=O)C2C(O)C(O)CN2c2nc(C)cc(C)c2C#N)c1,118,6.928,0,train5,0,train2,0,train3
51,Cc1cc(C(F)(F)F)c(C#N)c(N2C[C@@H](O)[C@@H](O)[C@H]2C(=O)N(C)c2ccc(F)c(F)c2)n1,Cc1cc(C(F)(F)F)c(C#N)c(N2CC(O)C(O)C2C(=O)N(C)c2ccc(F)c(F)c2)n1,42,7.377,0,train1,0,train5,1,test
52,Cc1cc(C(F)(F)F)c(C#N)c(N2C[C@@H](O)[C@@H](O)[C@H]2C(=O)N(C)c2ccc(F)c(Cl)c2)n1,Cc1cc(C(F)(F)F)c(C#N)c(N2CC(O)C(O)C2C(=O)N(C)c2ccc(F)c(Cl)c2)n1,10,8,0,train3,1,train4,1,test
53,Cc1cccc(N(C)C(=O)[C@@H]2COC(=O)N2c2cc(C(F)(F)F)cc(C)n2)c1,Cc1cccc(N(C)C(=O)C2COC(=O)N2c2cc(C(F)(F)F)cc(C)n2)c1,7,8.155,1,train4,1,train1,1,train3
54,Cc1cccc(N(C)C(=O)[C@@H]2CCC(=O)N2c2cc(C(F)(F)F)cc(C)n2)c1,Cc1cccc(N(C)C(=O)C2CCC(=O)N2c2cc(C(F)(F)F)cc(C)n2)c1,6.9,8.161,1,train4,1,train1,1,train1
55,Cc1cc(C(F)(F)F)cc(N2C(=O)CC[C@H]2C(=O)N(C)c2ccc(F)c(C)n2)n1,Cc1cc(C(F)(F)F)cc(N2C(=O)CCC2C(=O)N(C)c2ccc(F)c(C)n2)n1,76,7.119,0,train1,0,test,1,train1
56,CCN(C(=O)[C@@H]1C[C@H](N)C(=O)N1c1cc(C(F)(F)F)cc(C)n1)c1ccc(F)c(Cl)c1,CCN(C(=O)C1CC(N)C(=O)N1c1cc(C(F)(F)F)cc(C)n1)c1ccc(F)c(Cl)c1,136,6.866,0,train2,0,train1,0,test
57,CCN(C(=O)[C@@H]1C[C@H](NC(C)=O)C(=O)N1c1cc(C(F)(F)F)cc(C)n1)c1ccc(F)c(Cl)c1,CCN(C(=O)C1CC(NC(C)=O)C(=O)N1c1cc(C(F)(F)F)cc(C)n1)c1ccc(F)c(Cl)c1,208,6.682,0,train5,0,train3,0,train2
58,CCN(C(=O)[C@@H]1C[C@H](N2CCOCC2)C(=O)N1c1cc(C(F)(F)F)cc(C)n1)c1ccc(F)c(Cl)c1,CCN(C(=O)C1CC(N2CCOCC2)C(=O)N1c1cc(C(F)(F)F)cc(C)n1)c1ccc(F)c(Cl)c1,410,6.387,0,train5,0,test,0,train1
59,CCN(C(=O)[C@@H]1C[C@H](O)CN1c1nc(C)cc(C(F)(F)F)n1)c1ccc(F)c(Cl)c1,CCN(C(=O)C1CC(O)CN1c1nc(C)cc(C(F)(F)F)n1)c1ccc(F)c(Cl)c1,166,6.78,0,train4,0,train5,0,train3
60,Cc1cc(C(F)(F)F)cc(N2C(=O)[C@@H](O)[C@@H](O)[C@H]2C(=O)N(C)c2ccc(F)c(Cl)c2)n1,Cc1cc(C(F)(F)F)cc(N2C(=O)C(O)C(O)C2C(=O)N(C)c2ccc(F)c(Cl)c2)n1,7.8,8.108,1,train5,1,train4,1,train1
61,CCN(C(=O)[C@@H]1[C@H](O)[C@H](O)C(=O)N1c1cc(C(F)(F)F)cc(C)n1)c1ccc(F)c(Cl)c1,CCN(C(=O)C1C(O)C(O)C(=O)N1c1cc(C(F)(F)F)cc(C)n1)c1ccc(F)c(Cl)c1,20,7.699,0,train3,1,test,1,test
62,Cc1cc(C(F)(F)F)cc(N2C(=O)[C@@H](O)[C@@H](O)[C@H]2C(=O)N(C)c2ccc(F)c(C)c2)n1,Cc1cc(C(F)(F)F)cc(N2C(=O)C(O)C(O)C2C(=O)N(C)c2ccc(F)c(C)c2)n1,6,8.222,1,train2,1,train1,1,train1
63,Cc1cc(C(F)(F)F)cc(N2C(=O)[C@@H](O)[C@@H](O)[C@H]2C(=O)N(C)c2cc(F)cc(Cl)c2)n1,Cc1cc(C(F)(F)F)cc(N2C(=O)C(O)C(O)C2C(=O)N(C)c2cc(F)cc(Cl)c2)n1,31,7.509,0,train3,1,train2,1,train5
64,Cc1cc(C(F)(F)F)cc(N2C(=O)[C@H]3OC(C)(C)O[C@H]3[C@H]2C(=O)N(C)c2ccc(F)c(Cl)c2F)n1,Cc1cc(C(F)(F)F)cc(N2C(=O)C3OC(C)(C)OC3C2C(=O)N(C)c2ccc(F)c(Cl)c2F)n1,69,7.161,0,train5,0,train4,1,test
65,Cc1cc(C(F)(F)F)cc(N2C(=O)[C@@H](O)[C@@H](O)[C@H]2C(=O)N(C)c2ccc(F)c(Cl)c2F)n1,Cc1cc(C(F)(F)F)cc(N2C(=O)C(O)C(O)C2C(=O)N(C)c2ccc(F)c(Cl)c2F)n1,3,8.523,1,train5,1,test,1,test
66,Cc1cc(C(F)(F)F)cc(N2C(=O)[C@@H](O)[C@@H](O)[C@H]2C(=O)N(C)c2cc(Cl)c(F)cc2F)n1,Cc1cc(C(F)(F)F)cc(N2C(=O)C(O)C(O)C2C(=O)N(C)c2cc(Cl)c(F)cc2F)n1,7,8.155,1,train3,1,train2,1,train3
67,Cc1cc(C(F)(F)F)cc(N2C(=O)[C@@H](O)C[C@H]2C(=O)N(C)c2ccc(F)c(Cl)c2)n1,Cc1cc(C(F)(F)F)cc(N2C(=O)C(O)CC2C(=O)N(C)c2ccc(F)c(Cl)c2)n1,25,7.602,0,train2,1,test,1,train2
68,CCN(C(=O)[C@@H]1C[C@H](O)C(=O)N1c1cc(C(F)(F)F)cc(C)n1)c1ccc(F)c(Cl)c1,CCN(C(=O)C1CC(O)C(=O)N1c1cc(C(F)(F)F)cc(C)n1)c1ccc(F)c(Cl)c1,95,7.022,0,train1,0,test,1,train5
69,Cc1cc(C(F)(F)F)cc(N2C(=O)[C@@H](COCc3ccccc3)C[C@H]2C(=O)N(C)c2ccc(F)c(Cl)c2)n1,Cc1cc(C(F)(F)F)cc(N2C(=O)C(COCc3ccccc3)CC2C(=O)N(C)c2ccc(F)c(Cl)c2)n1,24,7.62,0,train4,1,train2,1,train5
70,Cc1cc(C(F)(F)F)cc(N2C(=O)[C@@H](CO)C[C@H]2C(=O)N(C)c2ccc(F)c(Cl)c2)n1,Cc1cc(C(F)(F)F)cc(N2C(=O)C(CO)CC2C(=O)N(C)c2ccc(F)c(Cl)c2)n1,11,7.959,0,train2,1,train3,1,test
71,Cc1cc(C(F)(F)F)cc(N2C(=O)[C@@H](CN(C)C)C[C@H]2C(=O)N(C)c2ccc(F)c(Cl)c2)n1,Cc1cc(C(F)(F)F)cc(N2C(=O)C(CN(C)C)CC2C(=O)N(C)c2ccc(F)c(Cl)c2)n1,48,7.319,0,train5,0,train1,1,train5
72,Cc1cc(C(F)(F)F)cc(N2C(=O)C[C@@H](O)[C@H]2C(=O)N(C)c2ccc(F)c(Cl)c2)n1,Cc1cc(C(F)(F)F)cc(N2C(=O)CC(O)C2C(=O)N(C)c2ccc(F)c(Cl)c2)n1,5.95,8.225,1,train3,1,train3,1,train3
73,Cc1cc(C(F)(F)F)c(C#N)c(N2CC[C@@H](O)[C@H]2C(=O)N(C)c2ccc(F)c(Cl)c2)n1,Cc1cc(C(F)(F)F)c(C#N)c(N2CCC(O)C2C(=O)N(C)c2ccc(F)c(Cl)c2)n1,8,8.097,1,train4,1,train4,1,train2
74,CCN(C(=O)[C@@H]1[C@H](O)CCN1c1nc(C)cc(C(F)(F)F)c1C#N)c1ccc(F)c(Cl)c1,CCN(C(=O)C1C(O)CCN1c1nc(C)cc(C(F)(F)F)c1C#N)c1ccc(F)c(Cl)c1,8,8.097,1,train2,1,train5,1,train3
75,Cc1cc(C(F)(F)F)cc(N2C(=O)OC[C@H]2C(=O)N(C)c2ccc(F)c(Cl)c2)n1,Cc1cc(C(F)(F)F)cc(N2C(=O)OCC2C(=O)N(C)c2ccc(F)c(Cl)c2)n1,15.5,7.81,0,train2,1,test,1,test
76,Cc1cc(C(F)(F)F)cc(N2C(=O)OC[C@H]2C(=O)N(C)c2ccc(Cl)c(C)c2)n1,Cc1cc(C(F)(F)F)cc(N2C(=O)OCC2C(=O)N(C)c2ccc(Cl)c(C)c2)n1,6,8.222,1,test,1,test,1,train1
77,Cc1cc(C(F)(F)F)cc(N2C(=O)OC[C@H]2C(=O)N(C)c2ccc(F)c(Cl)c2F)n1,Cc1cc(C(F)(F)F)cc(N2C(=O)OCC2C(=O)N(C)c2ccc(F)c(Cl)c2F)n1,5.2,8.284,1,train2,1,train5,1,train3
78,Cc1cc(C(F)(F)F)cc(N2C(=O)OC[C@H]2C(=O)N(C)c2ccc(F)c(C)c2)n1,Cc1cc(C(F)(F)F)cc(N2C(=O)OCC2C(=O)N(C)c2ccc(F)c(C)c2)n1,9.2,8.036,1,test,1,train4,1,train2
79,Cc1cc(C(F)(F)F)cc(N2C(=O)OC[C@H]2C(=O)N(C)c2cccc(Cl)c2)n1,Cc1cc(C(F)(F)F)cc(N2C(=O)OCC2C(=O)N(C)c2cccc(Cl)c2)n1,15,7.824,0,train4,1,test,1,train2
80,Cc1cc(C(F)(F)F)cc(N2C(=O)OC[C@H]2C(=O)N(C)c2ccc(C)c(Cl)c2)n1,Cc1cc(C(F)(F)F)cc(N2C(=O)OCC2C(=O)N(C)c2ccc(C)c(Cl)c2)n1,6,8.222,1,train1,1,train1,1,train3
81,Cc1cc(C(F)(F)F)cc(N2C(=O)OC[C@H]2C(=O)N(C)c2ccc(Cl)c(Cl)c2)n1,Cc1cc(C(F)(F)F)cc(N2C(=O)OCC2C(=O)N(C)c2ccc(Cl)c(Cl)c2)n1,16,7.796,0,train5,1,train4,1,train5
82,COc1cc(N(C)C(=O)[C@@H]2COC(=O)N2c2cc(C(F)(F)F)cc(C)n2)ccc1F,COc1cc(N(C)C(=O)C2COC(=O)N2c2cc(C(F)(F)F)cc(C)n2)ccc1F,226,6.646,0,test,0,train3,0,train4
83,COc1cc(N(C)C(=O)[C@@H]2COC(=O)N2c2cc(C(F)(F)F)cc(C)n2)ccc1Cl,COc1cc(N(C)C(=O)C2COC(=O)N2c2cc(C(F)(F)F)cc(C)n2)ccc1Cl,81,7.092,0,test,0,train1,1,train1
84,COc1cc(N(C)C(=O)[C@@H]2COC(=O)N2c2cc(C(F)(F)F)cc(C)n2)ccc1C,COc1cc(N(C)C(=O)C2COC(=O)N2c2cc(C(F)(F)F)cc(C)n2)ccc1C,18,7.745,0,train2,1,train3,1,train5
85,Cc1cc(C(F)(F)F)cc(N2C(=O)OC[C@H]2C(=O)N(C)c2ccc(F)c(Br)c2)n1,Cc1cc(C(F)(F)F)cc(N2C(=O)OCC2C(=O)N(C)c2ccc(F)c(Br)c2)n1,16,7.796,0,train4,1,test,1,test
86,Cc1cc(C(F)(F)F)cc(N2C(=O)OC[C@H]2C(=O)N(C)c2ccc(Br)cc2F)n1,Cc1cc(C(F)(F)F)cc(N2C(=O)OCC2C(=O)N(C)c2ccc(Br)cc2F)n1,12,7.921,0,train4,1,train5,1,train4
87,Cc1cc(C(F)(F)F)cc(N2C(=O)OC[C@H]2C(=O)N(C)c2cccc(Cl)c2F)n1,Cc1cc(C(F)(F)F)cc(N2C(=O)OCC2C(=O)N(C)c2cccc(Cl)c2F)n1,15,7.824,0,train2,1,train4,1,train3
88,Cc1cc(C(F)(F)F)cc(N2C(=O)OC[C@H]2C(=O)N(C)c2cc(Cl)ccc2F)n1,Cc1cc(C(F)(F)F)cc(N2C(=O)OCC2C(=O)N(C)c2cc(Cl)ccc2F)n1,24,7.62,0,train2,1,test,1,train5
89,Cc1cc(C(F)(F)F)cc(N2C(=O)OC[C@H]2C(=O)N(C)c2ccc(Cl)cc2F)n1,Cc1cc(C(F)(F)F)cc(N2C(=O)OCC2C(=O)N(C)c2ccc(Cl)cc2F)n1,11,7.959,0,train5,1,train1,1,train2
90,Cc1cc(C(F)(F)F)cc(N2C(=O)OC[C@H]2C(=O)N(C)c2cc(Cl)c(F)cc2F)n1,Cc1cc(C(F)(F)F)cc(N2C(=O)OCC2C(=O)N(C)c2cc(Cl)c(F)cc2F)n1,32,7.495,0,train5,0,train2,1,test
91,COc1cc(F)c(Cl)cc1N(C)C(=O)[C@@H]1COC(=O)N1c1cc(C(F)(F)F)cc(C)n1,COc1cc(F)c(Cl)cc1N(C)C(=O)C1COC(=O)N1c1cc(C(F)(F)F)cc(C)n1,437,6.36,0,train4,0,train3,0,train4
92,Cc1cc(C(F)(F)F)cc(N2C(=O)OC[C@H]2C(=O)N(C)c2ccc(F)c(C)c2F)n1,Cc1cc(C(F)(F)F)cc(N2C(=O)OCC2C(=O)N(C)c2ccc(F)c(C)c2F)n1,4.05,8.393,1,train4,1,train3,1,train3
93,Cc1cc(C(F)(F)F)cc(N2C(=O)OC[C@H]2C(=O)N(C)c2ccc(F)c(F)c2F)n1,Cc1cc(C(F)(F)F)cc(N2C(=O)OCC2C(=O)N(C)c2ccc(F)c(F)c2F)n1,23,7.638,0,train3,1,train5,1,test
94,Cc1cc(C(F)(F)F)cc(N2C(=O)OC[C@H]2C(=O)N(C)c2ccc3c(c2)COC3)n1,Cc1cc(C(F)(F)F)cc(N2C(=O)OCC2C(=O)N(C)c2ccc3c(c2)COC3)n1,86,7.066,0,train5,0,train4,1,train1
95,CCN(C(=O)[C@@H]1COC(=O)N1c1cc(C(F)(F)F)cc(C)n1)c1ccc(F)c(Cl)c1,CCN(C(=O)C1COC(=O)N1c1cc(C(F)(F)F)cc(C)n1)c1ccc(F)c(Cl)c1,54,7.268,0,train4,0,train2,1,test
96,Cc1cc(C(F)(F)F)cc(N2C(=O)OC[C@H]2C(=O)N(c2ccc(F)c(Cl)c2)C(C)C)n1,Cc1cc(C(F)(F)F)cc(N2C(=O)OCC2C(=O)N(c2ccc(F)c(Cl)c2)C(C)C)n1,35,7.456,0,train3,0,test,1,train4
97,Cc1cc(C(F)(F)F)cc(N2C(=O)OC[C@H]2C(=O)N(C)c2ccc(C)c(O)c2)n1,Cc1cc(C(F)(F)F)cc(N2C(=O)OCC2C(=O)N(C)c2ccc(C)c(O)c2)n1,19,7.721,0,train4,1,train5,1,train3
98,Cc1cc(C(F)(F)F)cc(N2C(=O)OC[C@H]2C(=O)N(C)c2ccc(F)c(O)c2)n1,Cc1cc(C(F)(F)F)cc(N2C(=O)OCC2C(=O)N(C)c2ccc(F)c(O)c2)n1,324,6.489,0,train5,0,train3,0,train1
99,C=Cc1c(F)ccc(N(C)C(=O)[C@@H]2COC(=O)N2c2cc(C(F)(F)F)cc(C)n2)c1F,C=Cc1c(F)ccc(N(C)C(=O)C2COC(=O)N2c2cc(C(F)(F)F)cc(C)n2)c1F,18,7.745,0,train3,1,test,1,train3
100,CCc1c(F)ccc(N(C)C(=O)[C@@H]2COC(=O)N2c2cc(C(F)(F)F)cc(C)n2)c1F,CCc1c(F)ccc(N(C)C(=O)C2COC(=O)N2c2cc(C(F)(F)F)cc(C)n2)c1F,12,7.921,0,train3,1,train4,1,train1
101,C=Cc1cc(N(C)C(=O)[C@@H]2COC(=O)N2c2cc(C(F)(F)F)cc(C)n2)ccc1F,C=Cc1cc(N(C)C(=O)C2COC(=O)N2c2cc(C(F)(F)F)cc(C)n2)ccc1F,49,7.31,0,train5,0,train5,1,train2
102,CCc1cc(N(C)C(=O)[C@@H]2COC(=O)N2c2cc(C(F)(F)F)cc(C)n2)ccc1F,CCc1cc(N(C)C(=O)C2COC(=O)N2c2cc(C(F)(F)F)cc(C)n2)ccc1F,21,7.678,0,train4,1,train4,1,train3
103,C=Cc1ccc(N(C)C(=O)[C@@H]2COC(=O)N2c2cc(C(F)(F)F)cc(C)n2)c(F)c1,C=Cc1ccc(N(C)C(=O)C2COC(=O)N2c2cc(C(F)(F)F)cc(C)n2)c(F)c1,18,7.745,0,train2,1,train1,1,train1
104,CCc1ccc(N(C)C(=O)[C@@H]2COC(=O)N2c2cc(C(F)(F)F)cc(C)n2)c(F)c1,CCc1ccc(N(C)C(=O)C2COC(=O)N2c2cc(C(F)(F)F)cc(C)n2)c(F)c1,11,7.959,0,train5,1,train3,1,test
105,CN(C(=O)[C@@H]1COC(=O)N1c1cc(C(F)(F)F)cc(Cl)n1)c1ccc(F)c(Cl)c1,CN(C(=O)C1COC(=O)N1c1cc(C(F)(F)F)cc(Cl)n1)c1ccc(F)c(Cl)c1,21,7.678,0,train4,1,train1,1,train1
106,C=Cc1cc(C(F)(F)F)cc(N2C(=O)OC[C@H]2C(=O)N(C)c2ccc(F)c(Cl)c2)n1,C=Cc1cc(C(F)(F)F)cc(N2C(=O)OCC2C(=O)N(C)c2ccc(F)c(Cl)c2)n1,46,7.337,0,test,0,train1,1,train3
107,CCc1cc(C(F)(F)F)cc(N2C(=O)OC[C@H]2C(=O)N(C)c2ccc(F)c(Cl)c2)n1,CCc1cc(C(F)(F)F)cc(N2C(=O)OCC2C(=O)N(C)c2ccc(F)c(Cl)c2)n1,54,7.268,0,train2,0,test,1,train5
108,Cc1cc(Br)cc(N2C(=O)OC[C@H]2C(=O)N(C)c2ccc(F)c(Cl)c2)n1,Cc1cc(Br)cc(N2C(=O)OCC2C(=O)N(C)c2ccc(F)c(Cl)c2)n1,71,7.149,0,test,0,train2,1,train2
109,C=C(C)c1cc(C)nc(N2C(=O)OC[C@H]2C(=O)N(C)c2ccc(F)c(Cl)c2)c1,C=C(C)c1cc(C)nc(N2C(=O)OCC2C(=O)N(C)c2ccc(F)c(Cl)c2)c1,61,7.215,0,test,0,train3,1,train2
110,Cc1cc(C(C)C)cc(N2C(=O)OC[C@H]2C(=O)N(C)c2ccc(F)c(Cl)c2)n1,Cc1cc(C(C)C)cc(N2C(=O)OCC2C(=O)N(C)c2ccc(F)c(Cl)c2)n1,25,7.602,0,train2,1,train1,1,train1
111,CCc1cc(C)nc(N2C(=O)OC[C@H]2C(=O)N(C)c2ccc(F)c(Cl)c2)c1,CCc1cc(C)nc(N2C(=O)OCC2C(=O)N(C)c2ccc(F)c(Cl)c2)c1,39,7.409,0,train3,0,train1,1,train5
112,CN(C(=O)[C@@H]1COC(=O)N1c1cc(OC(F)F)cc(Cl)n1)c1ccc(F)c(Cl)c1,CN(C(=O)C1COC(=O)N1c1cc(OC(F)F)cc(Cl)n1)c1ccc(F)c(Cl)c1,94,7.027,0,train1,0,train5,1,test
113,Cc1cc(OC(F)F)cc(N2C(=O)OC[C@H]2C(=O)N(C)c2ccc(F)c(Cl)c2)n1,Cc1cc(OC(F)F)cc(N2C(=O)OCC2C(=O)N(C)c2ccc(F)c(Cl)c2)n1,167,6.777,0,train4,0,train2,0,train5
114,CN(C(=O)[C@@H]1COC(=O)N1c1cc(C(C)(C)C)cc(Cl)n1)c1ccc(F)c(Cl)c1,CN(C(=O)C1COC(=O)N1c1cc(C(C)(C)C)cc(Cl)n1)c1ccc(F)c(Cl)c1,41,7.387,0,test,0,test,1,train1
115,Cc1cc(C(C)(C)C)cc(N2C(=O)OC[C@H]2C(=O)N(C)c2ccc(F)c(Cl)c2)n1,Cc1cc(C(C)(C)C)cc(N2C(=O)OCC2C(=O)N(C)c2ccc(F)c(Cl)c2)n1,36,7.444,0,train3,0,train4,1,train5
116,Cc1cc(C(C)C(F)(F)F)cc(N2C(=O)OC[C@H]2C(=O)N(C)c2ccc(F)c(Cl)c2)n1,Cc1cc(C(C)C(F)(F)F)cc(N2C(=O)OCC2C(=O)N(C)c2ccc(F)c(Cl)c2)n1,304,6.517,0,test,0,train5,0,train1
117,CCN(C(=O)[C@@H]1COC(=O)N1c1cc(C(C)(F)F)cc(C)n1)c1ccc(F)c(Cl)c1,CCN(C(=O)C1COC(=O)N1c1cc(C(C)(F)F)cc(C)n1)c1ccc(F)c(Cl)c1,261,6.583,0,test,0,train3,0,test
118,Cc1cc(C(F)(F)F)cc(N2C(=O)OC[C@H]2C(=O)N(C)c2ccc3cc[nH]c3c2)n1,Cc1cc(C(F)(F)F)cc(N2C(=O)OCC2C(=O)N(C)c2ccc3cc[nH]c3c2)n1,11,7.959,0,train3,1,train3,1,train4
119,Cc1cc(C(F)(F)F)cc(N2C(=O)OC[C@H]2C(=O)N(C)c2ccc3cc[nH]c3n2)n1,Cc1cc(C(F)(F)F)cc(N2C(=O)OCC2C(=O)N(C)c2ccc3cc[nH]c3n2)n1,15,7.824,0,train1,1,train3,1,train3
120,CCN(C(=O)[C@@H]1C[C@H](N2CCOC(CO)C2)CN1c1cc(C(F)(F)F)cc(C)n1)c1ccc(F)c(F)c1,CCN(C(=O)C1CC(N2CCOC(CO)C2)CN1c1cc(C(F)(F)F)cc(C)n1)c1ccc(F)c(F)c1,42,7.377,0,train2,0,test,1,train1
121,CCN(C(=O)[C@@H]1C[C@H](N2CCC(O)C2)CN1c1cc(C(F)(F)F)cc(C)n1)c1ccc(F)c(F)c1,CCN(C(=O)C1CC(N2CCC(O)C2)CN1c1cc(C(F)(F)F)cc(C)n1)c1ccc(F)c(F)c1,78,7.108,0,test,0,train1,1,train3
122,CCN(C(=O)[C@@H]1C[C@H](N2CC(O)C2)CN1c1cc(C(F)(F)F)cc(C)n1)c1ccc(F)c(F)c1,CCN(C(=O)C1CC(N2CC(O)C2)CN1c1cc(C(F)(F)F)cc(C)n1)c1ccc(F)c(F)c1,100,7,0,train5,0,train3,0,test
123,CCN(C(=O)[C@@H]1C[C@H](N[C@@H]2CCOC[C@H]2O)CN1c1cc(C(F)(F)F)cc(C)n1)c1ccc(F)c(F)c1,CCN(C(=O)C1CC(NC2CCOCC2O)CN1c1cc(C(F)(F)F)cc(C)n1)c1ccc(F)c(F)c1,248,6.606,0,test,0,test,0,train3
124,CCN(C(=O)[C@@H]1C[C@H](N[C@@H]2COCC[C@H]2O)CN1c1cc(C(F)(F)F)cc(C)n1)c1ccc(F)c(F)c1,CCN(C(=O)C1CC(NC2COCCC2O)CN1c1cc(C(F)(F)F)cc(C)n1)c1ccc(F)c(F)c1,156,6.807,0,train4,0,train3,0,train5
125,CCN(C(=O)[C@@H]1C[C@H](N[C@@H]2CCC[C@H]2O)CN1c1cc(C(F)(F)F)cc(C)n1)c1ccc(F)c(F)c1,CCN(C(=O)C1CC(NC2CCCC2O)CN1c1cc(C(F)(F)F)cc(C)n1)c1ccc(F)c(F)c1,122,6.914,0,train5,0,test,0,train3
126,CCN(C(=O)[C@@H]1C[C@H](N[C@@H]2CN(C(=O)OC(C)(C)C)C[C@H]2O)CN1c1cc(C(F)(F)F)cc(C)n1)c1ccc(F)c(F)c1,CCN(C(=O)C1CC(NC2CN(C(=O)OC(C)(C)C)CC2O)CN1c1cc(C(F)(F)F)cc(C)n1)c1ccc(F)c(F)c1,45,7.347,0,train2,0,test,1,test
127,CCN(C(=O)[C@@H]1C[C@H](NC2CNC(=O)C2)CN1c1cc(C(F)(F)F)cc(C)n1)c1ccc(F)c(F)c1,CCN(C(=O)C1CC(NC2CNC(=O)C2)CN1c1cc(C(F)(F)F)cc(C)n1)c1ccc(F)c(F)c1,300,6.523,0,test,0,train2,0,test
128,CCN(C(=O)[C@@H]1C[C@H](NC2COC2)CN1c1cc(C(F)(F)F)cc(C)n1)c1ccc(F)c(F)c1,CCN(C(=O)C1CC(NC2COC2)CN1c1cc(C(F)(F)F)cc(C)n1)c1ccc(F)c(F)c1,165,6.783,0,train4,0,train2,0,train2
129,CCN(C(=O)[C@@H]1C[C@H](N(C)[C@@H]2CCOC[C@H]2O)CN1c1cc(C(F)(F)F)cc(C)n1)c1ccc(F)c(F)c1,CCN(C(=O)C1CC(N(C)C2CCOCC2O)CN1c1cc(C(F)(F)F)cc(C)n1)c1ccc(F)c(F)c1,164,6.785,0,train4,0,train2,0,train4
130,CCN(C(=O)[C@@H]1C[C@H](N(C)[C@@H]2COCC[C@H]2O)CN1c1cc(C(F)(F)F)cc(C)n1)c1ccc(F)c(F)c1,CCN(C(=O)C1CC(N(C)C2COCCC2O)CN1c1cc(C(F)(F)F)cc(C)n1)c1ccc(F)c(F)c1,60,7.222,0,train2,0,train1,1,train4
131,CCN(C(=O)[C@@H]1C[C@H](N(C)[C@@H]2CCC[C@H]2O)CN1c1cc(C(F)(F)F)cc(C)n1)c1ccc(F)c(F)c1,CCN(C(=O)C1CC(N(C)C2CCCC2O)CN1c1cc(C(F)(F)F)cc(C)n1)c1ccc(F)c(F)c1,56,7.252,0,train4,0,train5,1,train1
132,CCN(C(=O)[C@@H]1C[C@H](N(C)[C@@H]2CN(C(=O)OC(C)(C)C)C[C@H]2O)CN1c1cc(C(F)(F)F)cc(C)n1)c1ccc(F)c(F)c1,CCN(C(=O)C1CC(N(C)C2CN(C(=O)OC(C)(C)C)CC2O)CN1c1cc(C(F)(F)F)cc(C)n1)c1ccc(F)c(F)c1,409,6.388,0,train1,0,train2,0,train2
133,CCN(C(=O)[C@@H]1C[C@H](N(C)C2CNC(=O)C2)CN1c1cc(C(F)(F)F)cc(C)n1)c1ccc(F)c(F)c1,CCN(C(=O)C1CC(N(C)C2CNC(=O)C2)CN1c1cc(C(F)(F)F)cc(C)n1)c1ccc(F)c(F)c1,708,6.15,0,test,0,train4,0,train5
134,CCN(C(=O)[C@@H]1C[C@H](N(C)C2COC2)CN1c1cc(C(F)(F)F)cc(C)n1)c1ccc(F)c(F)c1,CCN(C(=O)C1CC(N(C)C2COC2)CN1c1cc(C(F)(F)F)cc(C)n1)c1ccc(F)c(F)c1,163,6.788,0,train1,0,train1,0,train5
135,CCN(C(=O)[C@@H]1C[C@H](N2CCOC(CO)C2)CN1c1nc(C)cc(C(F)(F)F)c1C#N)c1cccc(Cl)c1,CCN(C(=O)C1CC(N2CCOC(CO)C2)CN1c1nc(C)cc(C(F)(F)F)c1C#N)c1cccc(Cl)c1,28,7.553,0,test,1,train5,1,test
136,CCN(C(=O)[C@@H]1C[C@H](N2CCOC(CO)C2)CN1c1nc(C)cc(C(F)(F)F)c1C#N)c1ccc(Cl)c(Cl)c1,CCN(C(=O)C1CC(N2CCOC(CO)C2)CN1c1nc(C)cc(C(F)(F)F)c1C#N)c1ccc(Cl)c(Cl)c1,6,8.222,1,test,1,test,1,train4
137,CCN(C(=O)[C@@H]1C[C@H](N2CCOC(CO)C2)CN1c1nc(C)cc(C(F)(F)F)c1C#N)c1ccc(C)c(Cl)c1,CCN(C(=O)C1CC(N2CCOC(CO)C2)CN1c1nc(C)cc(C(F)(F)F)c1C#N)c1ccc(C)c(Cl)c1,5,8.301,1,train1,1,train4,1,train4
138,CCN(C(=O)[C@@H]1C[C@H](N2CCOC(CO)C2)CN1c1nc(C)cc(C(F)(F)F)c1C#N)c1ccc(F)c(C)c1,CCN(C(=O)C1CC(N2CCOC(CO)C2)CN1c1nc(C)cc(C(F)(F)F)c1C#N)c1ccc(F)c(C)c1,11,7.959,0,train1,1,train2,1,test
139,Cc1cc(C(F)(F)F)c(C#N)c(N2C[C@@H](N3CCOC(CO)C3)C[C@H]2C(=O)N(C)c2ccc(F)c(Cl)c2)n1,Cc1cc(C(F)(F)F)c(C#N)c(N2CC(N3CCOC(CO)C3)CC2C(=O)N(C)c2ccc(F)c(Cl)c2)n1,23,7.638,0,train1,1,train4,1,train2
140,CCN(C(=O)[C@@H]1C[C@H](N2CCOC[C@@H]2CO)CN1c1nc(C)cc(C(F)(F)F)c1C#N)c1ccc(F)c(Cl)c1,CCN(C(=O)C1CC(N2CCOCC2CO)CN1c1nc(C)cc(C(F)(F)F)c1C#N)c1ccc(F)c(Cl)c1,26,7.585,0,train2,1,train5,1,train2
141,CCN(C(=O)[C@@H]1C[C@H](N2CCO[C@H](CO)C2)CN1c1nc(C)cc(C(F)(F)F)c1C#N)c1ccc(F)c(Cl)c1,CCN(C(=O)C1CC(N2CCOC(CO)C2)CN1c1nc(C)cc(C(F)(F)F)c1C#N)c1ccc(F)c(Cl)c1,15,7.824,0,train3,1,test,1,train5
142,Cc1cc(C(F)(F)F)cc(N2C(=O)NC[C@H]2C(=O)N(C)c2ccc(F)c(Cl)c2)n1,Cc1cc(C(F)(F)F)cc(N2C(=O)NCC2C(=O)N(C)c2ccc(F)c(Cl)c2)n1,4,8.398,1,train1,1,train5,1,train1
143,CCN(C(=O)[C@@H]1CNC(=O)N1c1cc(C(F)(F)F)cc(C)n1)c1ccc(F)c(Cl)c1,CCN(C(=O)C1CNC(=O)N1c1cc(C(F)(F)F)cc(C)n1)c1ccc(F)c(Cl)c1,32,7.495,0,train1,0,train2,1,train2
144,Cc1cc(C(F)(F)F)cc(N2C(=O)NC[C@H]2C(=O)N(C)c2ccc(F)c(Cl)c2F)n1,Cc1cc(C(F)(F)F)cc(N2C(=O)NCC2C(=O)N(C)c2ccc(F)c(Cl)c2F)n1,2,8.699,1,train1,1,train3,1,train4
145,Cc1cc(C(F)(F)F)cc(N2C(=O)N(S(C)(=O)=O)C[C@H]2C(=O)N(C)c2ccc(F)c(Cl)c2)n1,Cc1cc(C(F)(F)F)cc(N2C(=O)N(S(C)(=O)=O)CC2C(=O)N(C)c2ccc(F)c(Cl)c2)n1,178,6.75,0,train3,0,train3,0,train4
146,Cc1cc(C(F)(F)F)cc(N2C(=O)N(CC(C)O)C[C@H]2C(=O)N(C)c2ccc(F)c(Cl)c2)n1,Cc1cc(C(F)(F)F)cc(N2C(=O)N(CC(C)O)CC2C(=O)N(C)c2ccc(F)c(Cl)c2)n1,6,8.222,1,test,1,train1,1,train1
147,Cc1cc(C(F)(F)F)cc(N2C(=O)NC[C@H]2C(=O)N(c2ccc(F)c(Cl)c2F)C2CC2)n1,Cc1cc(C(F)(F)F)cc(N2C(=O)NCC2C(=O)N(c2ccc(F)c(Cl)c2F)C2CC2)n1,12,7.921,0,train5,1,train4,1,train1
148,Cc1cc(C(F)(F)F)cc(N2C(=O)[C@@H](O)[C@@H](O)[C@H]2C(=O)N(C)c2ccc(Cl)cc2F)n1,Cc1cc(C(F)(F)F)cc(N2C(=O)C(O)C(O)C2C(=O)N(C)c2ccc(Cl)cc2F)n1,20,7.699,0,train3,1,train3,1,train4
149,Cc1cc(C(F)(F)F)cc(N2C(=O)[C@@H](O)[C@@H](O)[C@H]2C(=O)N(C)c2ccc3cc[nH]c3n2)n1,Cc1cc(C(F)(F)F)cc(N2C(=O)C(O)C(O)C2C(=O)N(C)c2ccc3cc[nH]c3n2)n1,7,8.155,1,test,1,train5,1,train3
150,Cc1cc(C(F)(F)F)cc(N2C(=O)[C@@H](O)[C@@H](O)[C@H]2C(=O)N(C)c2ccc3ccn(C)c3n2)n1,Cc1cc(C(F)(F)F)cc(N2C(=O)C(O)C(O)C2C(=O)N(C)c2ccc3ccn(C)c3n2)n1,56,7.252,0,train2,0,train5,1,train3
151,Cc1cc(C(F)(F)F)cc(N2C(=O)[C@@H](O)[C@@H](O)[C@H]2C(=O)N(C)c2ccc3cnn(C)c3n2)n1,Cc1cc(C(F)(F)F)cc(N2C(=O)C(O)C(O)C2C(=O)N(C)c2ccc3cnn(C)c3n2)n1,71,7.149,0,test,0,test,1,train2
152,Cc1cc(C(F)(F)F)cc(N2C(=O)[C@@H](O)[C@@H](O)[C@H]2C(=O)N(C)c2ccc3c(n2)N(C)CCO3)n1,Cc1cc(C(F)(F)F)cc(N2C(=O)C(O)C(O)C2C(=O)N(C)c2ccc3c(n2)N(C)CCO3)n1,106,6.975,0,train3,0,train5,0,train3
153,Cc1cc(C(F)(F)F)cc(N2C(=O)[C@@H](O)[C@@H](O)[C@H]2C(=O)N(C)c2ccc(F)c(C)n2)n1,Cc1cc(C(F)(F)F)cc(N2C(=O)C(O)C(O)C2C(=O)N(C)c2ccc(F)c(C)n2)n1,193,6.714,0,train4,0,train1,0,train2
154,Cc1cc(C(F)(F)F)cc(N2C(=O)OC[C@H]2C(=O)N(C)c2ccc(Cl)cc2Cl)n1,Cc1cc(C(F)(F)F)cc(N2C(=O)OCC2C(=O)N(C)c2ccc(Cl)cc2Cl)n1,68,7.167,0,train2,0,train1,1,train3
155,Cc1cc(C(F)(F)F)cc(N2C(=O)OC[C@H]2C(=O)N(C)c2ccc(Br)c(Cl)c2)n1,Cc1cc(C(F)(F)F)cc(N2C(=O)OCC2C(=O)N(C)c2ccc(Br)c(Cl)c2)n1,20,7.699,0,train3,1,train2,1,train4
156,Cc1cc(C(F)(F)F)cc(N2C(=O)OC[C@H]2C(=O)N(C)c2ccc(C3CC3)c(Cl)c2)n1,Cc1cc(C(F)(F)F)cc(N2C(=O)OCC2C(=O)N(C)c2ccc(C3CC3)c(Cl)c2)n1,13,7.886,0,train2,1,train5,1,test
157,Cc1cc(C(F)(F)F)cc(N2C(=O)OC[C@H]2C(=O)N(C)c2ccc3cn[nH]c3c2)n1,Cc1cc(C(F)(F)F)cc(N2C(=O)OCC2C(=O)N(C)c2ccc3cn[nH]c3c2)n1,158,6.801,0,train3,0,train4,0,train5
158,Cc1cc(C(F)(F)F)cc(N2C(=O)OC[C@H]2C(=O)N(C)c2cccc(N)n2)n1,Cc1cc(C(F)(F)F)cc(N2C(=O)OCC2C(=O)N(C)c2cccc(N)n2)n1,519,6.285,0,test,0,test,0,test
159,CNc1cccc(N(C)C(=O)[C@@H]2COC(=O)N2c2cc(C(F)(F)F)cc(C)n2)n1,CNc1cccc(N(C)C(=O)C2COC(=O)N2c2cc(C(F)(F)F)cc(C)n2)n1,94,7.027,0,train5,0,train1,1,train5
160,Cc1cc(C(F)(F)F)cc(N2C(=O)OC[C@H]2C(=O)N(C)c2cccc(N(C)C)n2)n1,Cc1cc(C(F)(F)F)cc(N2C(=O)OCC2C(=O)N(C)c2cccc(N(C)C)n2)n1,109,6.963,0,train3,0,train1,0,train3
161,Cc1cc(C(F)(F)F)cc(N2C(=O)OC[C@H]2C(=O)N(C)c2ccc3cccnc3c2)n1,Cc1cc(C(F)(F)F)cc(N2C(=O)OCC2C(=O)N(C)c2ccc3cccnc3c2)n1,833,6.079,0,train4,0,test,0,train4
162,Cc1cc(C(F)(F)F)cc(N2C(=O)NC[C@H]2C(=O)N(c2ccc(F)c(Cl)c2)C(C)C)n1,Cc1cc(C(F)(F)F)cc(N2C(=O)NCC2C(=O)N(c2ccc(F)c(Cl)c2)C(C)C)n1,15,7.824,0,train1,1,train4,1,train5
163,Cc1cc(C(F)(F)F)cc(N2C(=O)N(CCS(C)(=O)=O)C[C@H]2C(=O)N(C)c2ccc(F)c(Cl)c2)n1,Cc1cc(C(F)(F)F)cc(N2C(=O)N(CCS(C)(=O)=O)CC2C(=O)N(C)c2ccc(F)c(Cl)c2)n1,9,8.046,1,test,1,train5,1,train2
164,Cc1cc(C(F)(F)F)cc(N2C(=O)N(CCS(=O)(=O)N(C)C)C[C@H]2C(=O)N(C)c2ccc(F)c(Cl)c2)n1,Cc1cc(C(F)(F)F)cc(N2C(=O)N(CCS(=O)(=O)N(C)C)CC2C(=O)N(C)c2ccc(F)c(Cl)c2)n1,45,7.347,0,test,0,train2,1,train4
165,Cc1cc(C(F)(F)F)cc(N2C(=O)N(CCN(C)C)C[C@H]2C(=O)N(C)c2ccc(F)c(Cl)c2)n1,Cc1cc(C(F)(F)F)cc(N2C(=O)N(CCN(C)C)CC2C(=O)N(C)c2ccc(F)c(Cl)c2)n1,61,7.215,0,train3,0,train3,1,train2
166,Cc1cc(C(F)(F)F)cc(N2C(=O)N(CCCN(C)C)C[C@H]2C(=O)N(C)c2ccc(F)c(Cl)c2)n1,Cc1cc(C(F)(F)F)cc(N2C(=O)N(CCCN(C)C)CC2C(=O)N(C)c2ccc(F)c(Cl)c2)n1,24,7.62,0,train5,1,train5,1,test
167,Cc1cc(C(F)(F)F)cc(N2C(=O)N(CC(N)=O)C[C@H]2C(=O)N(C)c2ccc(F)c(Cl)c2)n1,Cc1cc(C(F)(F)F)cc(N2C(=O)N(CC(N)=O)CC2C(=O)N(C)c2ccc(F)c(Cl)c2)n1,13,7.886,0,train5,1,train2,1,train3
168,Cc1cc(C(F)(F)F)cc(N2C(=O)N(CC(=O)N(C)C)C[C@H]2C(=O)N(C)c2ccc(F)c(Cl)c2)n1,Cc1cc(C(F)(F)F)cc(N2C(=O)N(CC(=O)N(C)C)CC2C(=O)N(C)c2ccc(F)c(Cl)c2)n1,10,8,0,test,1,train2,1,test
169,Cc1cc(C(F)(F)F)cc(N2C(=O)N(CC3(CO)COC3)C[C@H]2C(=O)N(C)c2ccc(F)c(Cl)c2F)n1,Cc1cc(C(F)(F)F)cc(N2C(=O)N(CC3(CO)COC3)CC2C(=O)N(C)c2ccc(F)c(Cl)c2F)n1,9,8.046,1,train5,1,train2,1,train2
170,Cc1cc(C(F)(F)F)cc(N2C(=O)N(CCNS(C)(=O)=O)C[C@H]2C(=O)N(C)c2ccc(F)c(Cl)c2)n1,Cc1cc(C(F)(F)F)cc(N2C(=O)N(CCNS(C)(=O)=O)CC2C(=O)N(C)c2ccc(F)c(Cl)c2)n1,22,7.658,0,train4,1,train4,1,train4
171,Cc1cc(C(F)(F)F)cc(N2C(=O)N(CC3CNC3)C[C@H]2C(=O)N(C)c2ccc(F)c(Cl)c2F)n1,Cc1cc(C(F)(F)F)cc(N2C(=O)N(CC3CNC3)CC2C(=O)N(C)c2ccc(F)c(Cl)c2F)n1,18,7.745,0,train1,1,train3,1,train4
172,Cc1cc(C(F)(F)F)cc(N2C(=O)N(CC3CN(C)C3)C[C@H]2C(=O)N(C)c2ccc(F)c(Cl)c2F)n1,Cc1cc(C(F)(F)F)cc(N2C(=O)N(CC3CN(C)C3)CC2C(=O)N(C)c2ccc(F)c(Cl)c2F)n1,32,7.495,0,train1,0,train4,1,train4
173,Cc1cc(C(F)(F)F)cc(N2C(=O)N(CCC(=O)N(C)C)C[C@H]2C(=O)N(C)c2ccc(F)c(Cl)c2)n1,Cc1cc(C(F)(F)F)cc(N2C(=O)N(CCC(=O)N(C)C)CC2C(=O)N(C)c2ccc(F)c(Cl)c2)n1,13,7.886,0,train3,1,train3,1,train2
174,CNC(=O)CCN1C[C@@H](C(=O)N(C)c2ccc(F)c(Cl)c2)N(c2cc(C(F)(F)F)cc(C)n2)C1=O,CNC(=O)CCN1CC(C(=O)N(C)c2ccc(F)c(Cl)c2)N(c2cc(C(F)(F)F)cc(C)n2)C1=O,12,7.921,0,train2,1,test,1,test
175,Cc1cc(C(F)(F)F)cc(N2C(=O)N(CCN3CCNCC3)C[C@H]2C(=O)N(C)c2ccc(F)c(Cl)c2F)n1,Cc1cc(C(F)(F)F)cc(N2C(=O)N(CCN3CCNCC3)CC2C(=O)N(C)c2ccc(F)c(Cl)c2F)n1,9,8.046,1,test,1,train1,1,train5
176,Cc1cc(C(F)(F)F)cc(N2C(=O)N(CCO)C[C@H]2C(=O)N(C)c2ccc(F)c(Cl)c2)n1,Cc1cc(C(F)(F)F)cc(N2C(=O)N(CCO)CC2C(=O)N(C)c2ccc(F)c(Cl)c2)n1,6,8.222,1,train5,1,train4,1,train4
177,Cc1cc(C(F)(F)F)cc(N2C(=O)N(CCN3CCOCC3)C[C@H]2C(=O)N(C)c2ccc(F)c(Cl)c2)n1,Cc1cc(C(F)(F)F)cc(N2C(=O)N(CCN3CCOCC3)CC2C(=O)N(C)c2ccc(F)c(Cl)c2)n1,7,8.155,1,train5,1,test,1,train4
178,Cc1cc(C(F)(F)F)cc(N2C(=O)N(CCN3CCOCC3)C[C@H]2C(=O)N(C)c2ccc(F)c(Cl)c2F)n1,Cc1cc(C(F)(F)F)cc(N2C(=O)N(CCN3CCOCC3)CC2C(=O)N(C)c2ccc(F)c(Cl)c2F)n1,4,8.398,1,train2,1,train2,1,test
179,Cc1cc(C(F)(F)F)cc(N2C(=O)N(CCN3CC[C@@H](O)C3)C[C@H]2C(=O)N(C)c2ccc(F)c(Cl)c2)n1,Cc1cc(C(F)(F)F)cc(N2C(=O)N(CCN3CCC(O)C3)CC2C(=O)N(C)c2ccc(F)c(Cl)c2)n1,19,7.721,0,test,1,test,1,train2
180,Cc1cc(C(F)(F)F)cc(N2C(=O)N(CCN3CCC[C@H]3CO)C[C@H]2C(=O)N(C)c2ccc(F)c(Cl)c2)n1,Cc1cc(C(F)(F)F)cc(N2C(=O)N(CCN3CCCC3CO)CC2C(=O)N(C)c2ccc(F)c(Cl)c2)n1,28,7.553,0,train3,1,train1,1,test
181,Cc1cc(C(F)(F)F)cc(N2C(=O)N(CCN3CCC3)C[C@H]2C(=O)N(C)c2ccc(F)c(Cl)c2)n1,Cc1cc(C(F)(F)F)cc(N2C(=O)N(CCN3CCC3)CC2C(=O)N(C)c2ccc(F)c(Cl)c2)n1,12,7.921,0,train4,1,train5,1,train1
182,Cc1cc(C(F)(F)F)cc(N2C(=O)N(CCN3CCC3)C[C@H]2C(=O)N(C)c2ccc(F)c(Cl)c2F)n1,Cc1cc(C(F)(F)F)cc(N2C(=O)N(CCN3CCC3)CC2C(=O)N(C)c2ccc(F)c(Cl)c2F)n1,26,7.585,0,train4,1,test,1,train4
183,Cc1cc(C(F)(F)F)cc(N2C(=O)N(CCN3CC(O)C3)C[C@H]2C(=O)N(C)c2ccc(F)c(Cl)c2F)n1,Cc1cc(C(F)(F)F)cc(N2C(=O)N(CCN3CC(O)C3)CC2C(=O)N(C)c2ccc(F)c(Cl)c2F)n1,7,8.155,1,train1,1,train3,1,train4
184,Cc1cc(C(F)(F)F)cc(N2C(=O)N(CCN3CCC3CO)C[C@H]2C(=O)N(C)c2ccc(F)c(Cl)c2F)n1,Cc1cc(C(F)(F)F)cc(N2C(=O)N(CCN3CCC3CO)CC2C(=O)N(C)c2ccc(F)c(Cl)c2F)n1,10,8,0,train5,1,train4,1,train5
185,CC(=O)N1CCN(CCN2C[C@@H](C(=O)N(C)c3ccc(F)c(Cl)c3F)N(c3cc(C(F)(F)F)cc(C)n3)C2=O)CC1,CC(=O)N1CCN(CCN2CC(C(=O)N(C)c3ccc(F)c(Cl)c3F)N(c3cc(C(F)(F)F)cc(C)n3)C2=O)CC1,3,8.523,1,train2,1,train1,1,train2
186,Cc1cc(C(F)(F)F)cc(N2C(=O)N(CCN3CC[C@H](F)C3)C[C@H]2C(=O)N(C)c2ccc(F)c(Cl)c2F)n1,Cc1cc(C(F)(F)F)cc(N2C(=O)N(CCN3CCC(F)C3)CC2C(=O)N(C)c2ccc(F)c(Cl)c2F)n1,6,8.222,1,train3,1,train3,1,train2
187,Cc1cc(C(F)(F)F)cc(N2C(=O)N(CCN3CCC(F)(F)C3)C[C@H]2C(=O)N(C)c2ccc(F)c(Cl)c2F)n1,Cc1cc(C(F)(F)F)cc(N2C(=O)N(CCN3CCC(F)(F)C3)CC2C(=O)N(C)c2ccc(F)c(Cl)c2F)n1,15,7.824,0,test,1,train5,1,train3
188,CC(=O)N(C)C1CCN(CCN2C[C@@H](C(=O)N(C)c3ccc(F)c(Cl)c3F)N(c3cc(C(F)(F)F)cc(C)n3)C2=O)C1,CC(=O)N(C)C1CCN(CCN2CC(C(=O)N(C)c3ccc(F)c(Cl)c3F)N(c3cc(C(F)(F)F)cc(C)n3)C2=O)C1,7,8.155,1,train4,1,train2,1,test
189,Cc1cc(C(F)(F)F)cc(N2C(=O)N(CCN3CCS(=O)(=O)CC3)C[C@H]2C(=O)N(C)c2ccc(F)c(Cl)c2F)n1,Cc1cc(C(F)(F)F)cc(N2C(=O)N(CCN3CCS(=O)(=O)CC3)CC2C(=O)N(C)c2ccc(F)c(Cl)c2F)n1,9,8.046,1,train4,1,train4,1,test
190,Cc1cc(C(F)(F)F)cc(N2C(=O)N(CCN3CCN(CCO)CC3)C[C@H]2C(=O)N(C)c2ccc(F)c(Cl)c2F)n1,Cc1cc(C(F)(F)F)cc(N2C(=O)N(CCN3CCN(CCO)CC3)CC2C(=O)N(C)c2ccc(F)c(Cl)c2F)n1,8,8.097,1,test,1,train3,1,train3
191,Cc1cc(C(F)(F)F)cc(N2C(=O)N(CCN3CCN(C)C(=O)C3)C[C@H]2C(=O)N(C)c2ccc(F)c(Cl)c2F)n1,Cc1cc(C(F)(F)F)cc(N2C(=O)N(CCN3CCN(C)C(=O)C3)CC2C(=O)N(C)c2ccc(F)c(Cl)c2F)n1,7,8.155,1,train1,1,train2,1,train2
192,Cc1cc(C(F)(F)F)cc(N2C(=O)N(CCN3CCC(C#N)CC3)C[C@H]2C(=O)N(C)c2ccc(F)c(Cl)c2F)n1,Cc1cc(C(F)(F)F)cc(N2C(=O)N(CCN3CCC(C#N)CC3)CC2C(=O)N(C)c2ccc(F)c(Cl)c2F)n1,5,8.301,1,train5,1,train3,1,train2
193,Cc1cc(C(F)(F)F)cc(N2C(=O)N(CCS(C)(=N)=O)C[C@H]2C(=O)N(C)c2ccc(F)c(Cl)c2F)n1,Cc1cc(C(F)(F)F)cc(N2C(=O)N(CCS(C)(=N)=O)CC2C(=O)N(C)c2ccc(F)c(Cl)c2F)n1,6,8.222,1,train3,1,test,1,train1
194,Cc1cc(C(F)(F)F)cc(N2C(=O)N(CCS(C)(=N)=O)C[C@H]2C(=O)N(C)c2ccc(F)c(Cl)c2)n1,Cc1cc(C(F)(F)F)cc(N2C(=O)N(CCS(C)(=N)=O)CC2C(=O)N(C)c2ccc(F)c(Cl)c2)n1,26,7.585,0,train3,1,train4,1,train2
195,Cc1cc(C(F)(F)F)cc(N2C(=O)N(CC(O)CN(C)C)C[C@H]2C(=O)N(C)c2ccc(F)c(Cl)c2F)n1,Cc1cc(C(F)(F)F)cc(N2C(=O)N(CC(O)CN(C)C)CC2C(=O)N(C)c2ccc(F)c(Cl)c2F)n1,11,7.959,0,train3,1,train2,1,train3
196,Cc1cc(C(F)(F)F)cc(N2C(=O)N(CC(O)CN3CC[C@H](F)C3)C[C@H]2C(=O)N(C)c2ccc(F)c(Cl)c2F)n1,Cc1cc(C(F)(F)F)cc(N2C(=O)N(CC(O)CN3CCC(F)C3)CC2C(=O)N(C)c2ccc(F)c(Cl)c2F)n1,8,8.097,1,train4,1,train1,1,test
197,Cc1cc(C(F)(F)F)cc(N2C(=O)N(CC(O)CN3CCC(F)(F)C3)C[C@H]2C(=O)N(C)c2ccc(F)c(Cl)c2F)n1,Cc1cc(C(F)(F)F)cc(N2C(=O)N(CC(O)CN3CCC(F)(F)C3)CC2C(=O)N(C)c2ccc(F)c(Cl)c2F)n1,4,8.398,1,train1,1,train2,1,train4
198,Cc1cc(C(F)(F)F)cc(N2C(=O)N(CC(O)CN3CCOCC3)C[C@H]2C(=O)N(C)c2ccc(F)c(Cl)c2F)n1,Cc1cc(C(F)(F)F)cc(N2C(=O)N(CC(O)CN3CCOCC3)CC2C(=O)N(C)c2ccc(F)c(Cl)c2F)n1,7,8.155,1,train3,1,test,1,train4
199,Cc1cc(C(F)(F)F)cc(N2C(=O)N(CC3CNCCO3)C[C@H]2C(=O)N(C)c2ccc(F)c(Cl)c2F)n1,Cc1cc(C(F)(F)F)cc(N2C(=O)N(CC3CNCCO3)CC2C(=O)N(C)c2ccc(F)c(Cl)c2F)n1,16,7.796,0,train5,1,train2,1,test
200,Cc1cc(C(F)(F)F)cc(N2C(=O)N(CC3CN(C)CCO3)C[C@H]2C(=O)N(C)c2ccc(F)c(Cl)c2F)n1,Cc1cc(C(F)(F)F)cc(N2C(=O)N(CC3CN(C)CCO3)CC2C(=O)N(C)c2ccc(F)c(Cl)c2F)n1,11,7.959,0,train5,1,train2,1,train3
201,Cc1cc(C(F)(F)F)cc(N2C(=O)N(CCCN3CCNCC3)C[C@H]2C(=O)N(C)c2ccc(F)c(Cl)c2F)n1,Cc1cc(C(F)(F)F)cc(N2C(=O)N(CCCN3CCNCC3)CC2C(=O)N(C)c2ccc(F)c(Cl)c2F)n1,11,7.959,0,train3,1,test,1,train3
202,CC(=O)N1CCN(CCCN2C[C@@H](C(=O)N(C)c3ccc(F)c(Cl)c3F)N(c3cc(C(F)(F)F)cc(C)n3)C2=O)CC1,CC(=O)N1CCN(CCCN2CC(C(=O)N(C)c3ccc(F)c(Cl)c3F)N(c3cc(C(F)(F)F)cc(C)n3)C2=O)CC1,11,7.959,0,train1,1,train5,1,train5
203,Cc1cc(C(F)(F)F)cc(N2C(=O)N(CC3(O)CCNC3)C[C@H]2C(=O)N(C)c2ccc(F)c(Cl)c2F)n1,Cc1cc(C(F)(F)F)cc(N2C(=O)N(CC3(O)CCNC3)CC2C(=O)N(C)c2ccc(F)c(Cl)c2F)n1,9,8.046,1,train2,1,train1,1,train5
204,Cc1cc(C(F)(F)F)cc(N2C(=O)N(CC3(O)CCN(C)C3)C[C@H]2C(=O)N(C)c2ccc(F)c(Cl)c2F)n1,Cc1cc(C(F)(F)F)cc(N2C(=O)N(CC3(O)CCN(C)C3)CC2C(=O)N(C)c2ccc(F)c(Cl)c2F)n1,8,8.097,1,train4,1,train1,1,train3
205,Cc1cc(C(F)(F)F)cc(N2C(=O)N(CC3(O)CNC3)C[C@H]2C(=O)N(C)c2ccc(F)c(Cl)c2F)n1,Cc1cc(C(F)(F)F)cc(N2C(=O)N(CC3(O)CNC3)CC2C(=O)N(C)c2ccc(F)c(Cl)c2F)n1,6,8.222,1,train1,1,test,1,train1
206,Cc1cc(C(F)(F)F)cc(N2C(=O)N(CC3(O)CNC3)C[C@H]2C(=O)N(C)c2ccc(F)c(Cl)c2)n1,Cc1cc(C(F)(F)F)cc(N2C(=O)N(CC3(O)CNC3)CC2C(=O)N(C)c2ccc(F)c(Cl)c2)n1,17,7.77,0,train2,1,train3,1,train5
207,Cc1cc(C(F)(F)F)cc(N2C(=O)N(CC(O)CO)C[C@H]2C(=O)N(C)c2ccc(F)c(Cl)c2F)n1,Cc1cc(C(F)(F)F)cc(N2C(=O)N(CC(O)CO)CC2C(=O)N(C)c2ccc(F)c(Cl)c2F)n1,19,7.721,0,train5,1,train3,1,train4
208,Cc1cc(C(F)(F)F)cc(N2C(=O)N(CCOS(N)(=O)=O)C[C@H]2C(=O)N(C)c2ccc(F)c(Cl)c2F)n1,Cc1cc(C(F)(F)F)cc(N2C(=O)N(CCOS(N)(=O)=O)CC2C(=O)N(C)c2ccc(F)c(Cl)c2F)n1,6,8.222,1,train3,1,train3,1,test
209,Cc1cc(C(F)(F)F)cc(N2C(=O)N(CCN=S(C)(C)=O)C[C@H]2C(=O)N(C)c2ccc(F)c(Cl)c2)n1,Cc1cc(C(F)(F)F)cc(N2C(=O)N(CCN=S(C)(C)=O)CC2C(=O)N(C)c2ccc(F)c(Cl)c2)n1,62,7.208,0,train4,0,train1,1,train1
210,Cc1cc(C(F)(F)F)cc(N2C(=O)N(C[C@H]3CN(C)C(=O)O3)C[C@H]2C(=O)N(C)c2ccc(F)c(Cl)c2F)n1,Cc1cc(C(F)(F)F)cc(N2C(=O)N(CC3CN(C)C(=O)O3)CC2C(=O)N(C)c2ccc(F)c(Cl)c2F)n1,15,7.824,0,train1,1,train4,1,train2
211,Cc1cc(C(F)(F)F)cc(N2C(=O)N(CC(O)CO)C[C@H]2C(=O)N(c2ccc(F)c(Cl)c2)C2CC2)n1,Cc1cc(C(F)(F)F)cc(N2C(=O)N(CC(O)CO)CC2C(=O)N(c2ccc(F)c(Cl)c2)C2CC2)n1,94,7.027,0,test,0,train4,1,train5
212,Cc1cc(C(F)(F)F)cc(N2C(=O)N(CCC(O)CO)C[C@H]2C(=O)N(C)c2ccc(F)c(Cl)c2)n1,Cc1cc(C(F)(F)F)cc(N2C(=O)N(CCC(O)CO)CC2C(=O)N(C)c2ccc(F)c(Cl)c2)n1,15,7.824,0,train2,1,test,1,train1
213,Cc1cc(C(F)(F)F)cc(N2C(=O)NC[C@H]2C(=O)N(C)c2ccc3cc[nH]c3c2)n1,Cc1cc(C(F)(F)F)cc(N2C(=O)NCC2C(=O)N(C)c2ccc3cc[nH]c3c2)n1,3,8.523,1,train1,1,train2,1,train1
214,Cc1cc(C(F)(F)F)cc(N2C(=O)NC[C@H]2C(=O)N(C)c2ccc3ccn(C)c3c2)n1,Cc1cc(C(F)(F)F)cc(N2C(=O)NCC2C(=O)N(C)c2ccc3ccn(C)c3c2)n1,5,8.301,1,test,1,test,1,train3
215,Cc1cc(C(F)(F)F)cc(N2C(=O)NC[C@H]2C(=O)N(C)c2ccc3cnn(C)c3c2)n1,Cc1cc(C(F)(F)F)cc(N2C(=O)NCC2C(=O)N(C)c2ccc3cnn(C)c3c2)n1,27,7.569,0,train4,1,train1,1,train5
216,Cc1cc(C(F)(F)F)cc(N2C(=O)NC[C@H]2C(=O)N(C)c2ccc3occ(C)c3n2)n1,Cc1cc(C(F)(F)F)cc(N2C(=O)NCC2C(=O)N(C)c2ccc3occ(C)c3n2)n1,14,7.854,0,train1,1,train4,1,train5
217,Cc1cc(C(F)(F)F)cc(N2C(=O)NC[C@H]2C(=O)N(C)c2ccc3sccc3n2)n1,Cc1cc(C(F)(F)F)cc(N2C(=O)NCC2C(=O)N(C)c2ccc3sccc3n2)n1,37,7.432,0,test,0,train5,1,test
218,Cc1cc(C(F)(F)F)cc(N2C(=O)NC[C@H]2C(=O)N(C)c2ccc3c(C)n[nH]c3c2)n1,Cc1cc(C(F)(F)F)cc(N2C(=O)NCC2C(=O)N(C)c2ccc3c(C)n[nH]c3c2)n1,28,7.553,0,train5,1,train1,1,train5
219,Cc1cc(C(F)(F)F)cc(N2C(=O)NC[C@H]2C(=O)N(C)c2ccc3c(F)c[nH]c3n2)n1,Cc1cc(C(F)(F)F)cc(N2C(=O)NCC2C(=O)N(C)c2ccc3c(F)c[nH]c3n2)n1,6,8.222,1,train5,1,train2,1,train2
220,Cc1cc(C(F)(F)F)cc(N2C(=O)NC[C@H]2C(=O)N(C)c2ccc3c(Cl)c[nH]c3n2)n1,Cc1cc(C(F)(F)F)cc(N2C(=O)NCC2C(=O)N(C)c2ccc3c(Cl)c[nH]c3n2)n1,7,8.155,1,train4,1,train1,1,train2
221,Cc1cc(C(F)(F)F)c(C#N)c(N2[C@H](C(=O)N(C)c3ccc(F)c(Cl)c3)CC[C@H]2C)n1,Cc1cc(C(F)(F)F)c(C#N)c(N2C(C)CCC2C(=O)N(C)c2ccc(F)c(Cl)c2)n1,240,6.62,0,train1,0,train5,0,train2
222,Cc1cc(C(F)(F)F)c(C#N)c(N2CCC[C@H]2C(=O)N(C)c2ccc3ccn(C)c3n2)n1,Cc1cc(C(F)(F)F)c(C#N)c(N2CCCC2C(=O)N(C)c2ccc3ccn(C)c3n2)n1,39,7.409,0,test,0,train3,1,train4
223,Cc1cc(C(F)(F)F)c(C#N)c(N2CCC[C@H]2C(=O)N(C)c2cc(Cl)c3ccn(C)c3n2)n1,Cc1cc(C(F)(F)F)c(C#N)c(N2CCCC2C(=O)N(C)c2cc(Cl)c3ccn(C)c3n2)n1,130,6.886,0,train4,0,train2,0,test
224,Cc1cc(C(F)(F)F)c(C#N)c(N2CCC[C@H]2C(=O)N(C)c2ccc3c(n2)N(C)CCO3)n1,Cc1cc(C(F)(F)F)c(C#N)c(N2CCCC2C(=O)N(C)c2ccc3c(n2)N(C)CCO3)n1,74,7.131,0,train1,0,train5,1,train2
225,CCN(C(=O)COc1nc(C)cc(C)c1C#N)c1cccc(C)c1,CCN(C(=O)COc1nc(C)cc(C)c1C#N)c1cccc(C)c1,4400,5.357,0,train4,0,test,0,train5
226,CCN(C(=O)COc1nc(C)cc(C(F)(F)F)c1C#N)c1cccc(C)c1,CCN(C(=O)COc1nc(C)cc(C(F)(F)F)c1C#N)c1cccc(C)c1,500,6.301,0,train5,0,train2,0,train5
227,CCN(C(=O)COc1nc(C)c(Cl)c(C)c1C#N)c1cccc(C)c1,CCN(C(=O)COc1nc(C)c(Cl)c(C)c1C#N)c1cccc(C)c1,630,6.201,0,test,0,test,0,train1
228,CCN(C(=O)COc1nc(C)c(Br)c(C)c1C#N)c1cccc(C)c1,CCN(C(=O)COc1nc(C)c(Br)c(C)c1C#N)c1cccc(C)c1,1500,5.824,0,train4,0,train5,0,train3
229,CCN(C(=O)COc1nc(C)c(Br)c(C(F)(F)F)c1C#N)c1cccc(C)c1,CCN(C(=O)COc1nc(C)c(Br)c(C(F)(F)F)c1C#N)c1cccc(C)c1,400,6.398,0,train2,0,train3,0,train1
230,CCN(C(=O)COc1cc(C)cc(C)n1)c1cccc(C)c1,CCN(C(=O)COc1cc(C)cc(C)n1)c1cccc(C)c1,4200,5.377,0,test,0,train5,0,train4
231,CCN(C(=O)COc1cc(C(F)(F)F)cc(C)n1)c1cccc(C)c1,CCN(C(=O)COc1cc(C(F)(F)F)cc(C)n1)c1cccc(C)c1,530,6.276,0,train4,0,train4,0,train4
232,CCN(C(=O)COc1cc(C(C)C)cc(C)n1)c1cccc(C)c1,CCN(C(=O)COc1cc(C(C)C)cc(C)n1)c1cccc(C)c1,400,6.398,0,train4,0,train5,0,train3
233,CCN(C(=O)CNc1nc(C)cc(C)c1C#N)c1cccc(C)c1,CCN(C(=O)CNc1nc(C)cc(C)c1C#N)c1cccc(C)c1,1800,5.745,0,train3,0,train4,0,train4
234,CCN(C(=O)[C@H](C)Nc1nc(C)cc(C)c1C#N)c1cccc(C)c1,CCN(C(=O)C(C)Nc1nc(C)cc(C)c1C#N)c1cccc(C)c1,230,6.638,0,train5,0,train2,0,train4
235,CCN(C(=O)[C@@H](C)Nc1nc(C)cc(C(C)C)c1C#N)c1cccc(C)c1,CCN(C(=O)C(C)Nc1nc(C)cc(C(C)C)c1C#N)c1cccc(C)c1,49,7.31,0,train2,0,train3,1,train5
236,CCN(C(=O)[C@H](C)Nc1nc(C)cc(C(F)(F)F)c1C#N)c1cccc(C)c1,CCN(C(=O)C(C)Nc1nc(C)cc(C(F)(F)F)c1C#N)c1cccc(C)c1,29,7.538,0,train3,1,train5,1,train2
237,CCN(C(=O)[C@@H]1CCCN1c1nc(C)cc(C)c1C#N)c1cccc(C)c1,CCN(C(=O)C1CCCN1c1nc(C)cc(C)c1C#N)c1cccc(C)c1,72,7.143,0,train2,0,test,1,test
238,CCN(C(=O)[C@@H]1COCCN1c1nc(C)cc(C(F)(F)F)c1C#N)c1cccc(C)c1,CCN(C(=O)C1COCCN1c1nc(C)cc(C(F)(F)F)c1C#N)c1cccc(C)c1,2700,5.569,0,train2,0,train4,0,test
239,CCN(C(=O)[C@H](CO)Nc1nc(C)cc(C(F)(F)F)c1C#N)c1cccc(C)c1,CCN(C(=O)C(CO)Nc1nc(C)cc(C(F)(F)F)c1C#N)c1cccc(C)c1,79,7.102,0,train5,0,train2,1,train2
240,Cc1cccc(-n2cnnc2[C@@H]2CCCN2c2nc(C)cc(C(F)(F)F)c2C#N)c1,Cc1cccc(-n2cnnc2C2CCCN2c2nc(C)cc(C(F)(F)F)c2C#N)c1,64,7.194,0,test,0,train4,1,train3
241,Cc1cccc(-n2c(C)nnc2[C@@H]2CCCN2c2nc(C)cc(C(F)(F)F)c2C#N)c1,Cc1cccc(-n2c(C)nnc2C2CCCN2c2nc(C)cc(C(F)(F)F)c2C#N)c1,116,6.936,0,train2,0,train5,0,train3
242,Cc1cccc(-n2cnnc2[C@@H]2C[C@H](O)CN2c2nc(C)cc(C(F)(F)F)c2C#N)c1,Cc1cccc(-n2cnnc2C2CC(O)CN2c2nc(C)cc(C(F)(F)F)c2C#N)c1,125,6.903,0,train4,0,train3,0,train4
243,Cc1cccc(-n2cnnc2[C@@H]2C[C@H](O)CN2c2nc(C)cc(C)c2C#N)c1,Cc1cccc(-n2cnnc2C2CC(O)CN2c2nc(C)cc(C)c2C#N)c1,480,6.319,0,train5,0,train3,0,test
244,CCc1c(C)cnc(N2C[C@@H](O)C[C@H]2c2nncn2-c2cccc(C)c2)c1C#N,CCc1c(C)cnc(N2CC(O)CC2c2nncn2-c2cccc(C)c2)c1C#N,2634,5.579,0,train1,0,train2,0,train1
245,Cc1cccc(-n2cnnc2[C@@H]2C[C@H](O)CN2c2nc(C)cc(C(F)(F)F)c2C#N)n1,Cc1cccc(-n2cnnc2C2CC(O)CN2c2nc(C)cc(C(F)(F)F)c2C#N)n1,2995,5.524,0,train5,0,train5,0,train2
246,Cc1cc(C(F)(F)F)c(C#N)c(N2C[C@@H](O)C[C@H]2c2nncn2-c2cccc(F)c2)n1,Cc1cc(C(F)(F)F)c(C#N)c(N2CC(O)CC2c2nncn2-c2cccc(F)c2)n1,1056,5.976,0,train5,0,train3,0,test
247,Cc1cc(C(F)(F)F)c(C#N)c(N2C[C@@H](O)C[C@H]2c2nncn2-c2ccc(F)c(F)c2)n1,Cc1cc(C(F)(F)F)c(C#N)c(N2CC(O)CC2c2nncn2-c2ccc(F)c(F)c2)n1,1511,5.821,0,test,0,train3,0,train5
248,Cc1ccc(-n2ccnc2[C@@H]2CCCN2c2nc(C)cc(C(F)(F)F)c2C#N)cc1,Cc1ccc(-n2ccnc2C2CCCN2c2nc(C)cc(C(F)(F)F)c2C#N)cc1,9,8.046,1,train3,1,train1,1,train1
249,Cc1cc(C(F)(F)F)c(C#N)c(N2CCC[C@H]2c2nccn2-c2ccccn2)n1,Cc1cc(C(F)(F)F)c(C#N)c(N2CCCC2c2nccn2-c2ccccn2)n1,481,6.318,0,train3,0,train5,0,train3
250,Cc1cccc(-n2ccnc2[C@@H]2CCCN2c2nc(C)cc(C(F)(F)F)c2C#N)n1,Cc1cccc(-n2ccnc2C2CCCN2c2nc(C)cc(C(F)(F)F)c2C#N)n1,43,7.367,0,train2,0,train2,1,train2
251,Cc1cccc(-n2ccnc2[C@@H]2CCCN2c2nc(C)cc(C(F)(F)F)c2C#N)c1,Cc1cccc(-n2ccnc2C2CCCN2c2nc(C)cc(C(F)(F)F)c2C#N)c1,8,8.097,1,train5,1,train1,1,train5
252,Cc1ccnc(-n2ccnc2[C@@H]2CCCN2c2nc(C)cc(C(F)(F)F)c2C#N)c1,Cc1ccnc(-n2ccnc2C2CCCN2c2nc(C)cc(C(F)(F)F)c2C#N)c1,176,6.754,0,train1,0,test,0,train4
253,Cc1cc(-n2ccnc2[C@@H]2CCCN2c2nc(C)cc(C(F)(F)F)c2C#N)ccn1,Cc1cc(-n2ccnc2C2CCCN2c2nc(C)cc(C(F)(F)F)c2C#N)ccn1,1390,5.857,0,train2,0,train2,0,test
254,Cc1cncc(-n2ccnc2[C@@H]2CCCN2c2nc(C)cc(C(F)(F)F)c2C#N)c1,Cc1cncc(-n2ccnc2C2CCCN2c2nc(C)cc(C(F)(F)F)c2C#N)c1,1120,5.951,0,train3,0,train5,0,train3
255,Cc1ccc(-n2ccnc2[C@@H]2CCCN2c2nc(C)cc(C(F)(F)F)c2C#N)cn1,Cc1ccc(-n2ccnc2C2CCCN2c2nc(C)cc(C(F)(F)F)c2C#N)cn1,1811,5.742,0,train1,0,train1,0,train3
256,Cc1cc(C(F)(F)F)c(C#N)c(N2CCC[C@H]2c2nccn2-c2ccccc2C#N)n1,Cc1cc(C(F)(F)F)c(C#N)c(N2CCCC2c2nccn2-c2ccccc2C#N)n1,1556,5.808,0,train5,0,test,0,train5
257,Cc1cc(C(F)(F)F)c(C#N)c(N2CCC[C@H]2c2nccn2-c2ccc(C#N)cc2)n1,Cc1cc(C(F)(F)F)c(C#N)c(N2CCCC2c2nccn2-c2ccc(C#N)cc2)n1,2390,5.622,0,train2,0,train3,0,train1
258,COc1c(F)cccc1-n1ccnc1[C@@H]1CCCN1c1nc(C)cc(C(F)(F)F)c1C#N,COc1c(F)cccc1-n1ccnc1C1CCCN1c1nc(C)cc(C(F)(F)F)c1C#N,111,6.955,0,train4,0,train1,0,test
259,COc1ccccc1-n1ccnc1[C@@H]1CCCN1c1nc(C)cc(C(F)(F)F)c1C#N,COc1ccccc1-n1ccnc1C1CCCN1c1nc(C)cc(C(F)(F)F)c1C#N,216,6.666,0,train5,0,test,0,test
260,Cc1cc(C(F)(F)F)c(C#N)c(N2CCC[C@H]2c2nccn2-c2ccccc2CO)n1,Cc1cc(C(F)(F)F)c(C#N)c(N2CCCC2c2nccn2-c2ccccc2CO)n1,709,6.149,0,train1,0,train1,0,train5
261,Cc1cc(C(F)(F)F)c(C#N)c(N2CCC[C@H]2c2nccn2-c2ccccc2C(N)=O)n1,Cc1cc(C(F)(F)F)c(C#N)c(N2CCCC2c2nccn2-c2ccccc2C(N)=O)n1,64,7.194,0,test,0,train1,1,test
262,Cc1cc(C(F)(F)F)c(C#N)c(N2CCC[C@H]2c2nccn2-c2ccccc2CN)n1,Cc1cc(C(F)(F)F)c(C#N)c(N2CCCC2c2nccn2-c2ccccc2CN)n1,1247,5.904,0,test,0,train4,0,train1
263,Cc1cc(C(F)(F)F)c(C#N)c(N2CCC[C@H]2c2nccn2-c2ccccc2CN(C)C)n1,Cc1cc(C(F)(F)F)c(C#N)c(N2CCCC2c2nccn2-c2ccccc2CN(C)C)n1,3114,5.507,0,train3,0,test,0,train5
264,Cc1cc(C)nc(-n2ccnc2[C@@H]2C[C@H](O)CN2c2nc(C)cc(C(F)(F)F)c2C#N)c1,Cc1cc(C)nc(-n2ccnc2C2CC(O)CN2c2nc(C)cc(C(F)(F)F)c2C#N)c1,3073,5.512,0,train2,0,test,0,train2
265,Cc1cccc(-n2ccnc2[C@@H]2C[C@H](O)CN2c2nc(C)cc(C(F)(F)F)c2C#N)n1,Cc1cccc(-n2ccnc2C2CC(O)CN2c2nc(C)cc(C(F)(F)F)c2C#N)n1,865.5,6.063,0,train4,0,train4,0,train1
266,Cc1cc(C(F)(F)F)c(C#N)c(N2C[C@@H](O)C[C@H]2c2nccn2-c2ccc(F)cn2)n1,Cc1cc(C(F)(F)F)c(C#N)c(N2CC(O)CC2c2nccn2-c2ccc(F)cn2)n1,19,7.721,0,train1,1,train1,1,test
267,Cc1cc(C(F)(F)F)c(C#N)c(N2C[C@@H](O)C[C@H]2c2nccn2-c2ccn(C)n2)n1,Cc1cc(C(F)(F)F)c(C#N)c(N2CC(O)CC2c2nccn2-c2ccn(C)n2)n1,459,6.338,0,train4,0,train4,0,train5
268,Cc1cc(C(F)(F)F)c(C#N)c(N2C[C@@H](O)C[C@H]2c2nccn2-c2nc(C)ccc2F)n1,Cc1cc(C(F)(F)F)c(C#N)c(N2CC(O)CC2c2nccn2-c2nc(C)ccc2F)n1,71,7.149,0,test,0,train5,1,test
269,Cc1cc(C(F)(F)F)c(C#N)c(N2C[C@@H](O)C[C@H]2c2nccn2-c2ccc(F)c(C)n2)n1,Cc1cc(C(F)(F)F)c(C#N)c(N2CC(O)CC2c2nccn2-c2ccc(F)c(C)n2)n1,95,7.022,0,train3,0,train3,1,train4
270,Cc1cc(C(F)(F)F)c(C#N)c(N2C[C@@H](O)C[C@H]2c2nccn2-c2ccc(F)c(C(F)(F)F)n2)n1,Cc1cc(C(F)(F)F)c(C#N)c(N2CC(O)CC2c2nccn2-c2ccc(F)c(C(F)(F)F)n2)n1,92,7.036,0,train2,0,train4,1,train2
271,Cc1cc(C)c(C#N)c(N2C[C@@H](O)C[C@H]2c2nccn2-c2ccc(Cl)cn2)n1,Cc1cc(C)c(C#N)c(N2CC(O)CC2c2nccn2-c2ccc(Cl)cn2)n1,1183,5.927,0,train5,0,train4,0,train5
272,Cc1cccc(-n2ccnc2[C@@H]2C[C@H](O)CN2c2nc(C)cc(C)c2C#N)n1,Cc1cccc(-n2ccnc2C2CC(O)CN2c2nc(C)cc(C)c2C#N)n1,3221,5.492,0,train3,0,test,0,train2
273,Cc1cc(C(F)(F)F)c(C#N)c(N2C[C@@H](O)C[C@H]2c2nc(C)cn2-c2ccc(F)c(Cl)c2)n1,Cc1cc(C(F)(F)F)c(C#N)c(N2CC(O)CC2c2nc(C)cn2-c2ccc(F)c(Cl)c2)n1,362,6.441,0,train1,0,train5,0,train3
274,Cc1cccc(-n2ccnc2[C@@H]2[C@@H](O)[C@@H](O)CN2c2nc(C)cc(C(F)(F)F)c2C#N)n1,Cc1cccc(-n2ccnc2C2C(O)C(O)CN2c2nc(C)cc(C(F)(F)F)c2C#N)n1,81,7.092,0,train5,0,train1,1,train5
275,Cc1cc(C(F)(F)F)c(C#N)c(N2C[C@H](O)[C@H](O)[C@H]2c2nccn2-c2ccc(F)c(C)c2)n1,Cc1cc(C(F)(F)F)c(C#N)c(N2CC(O)C(O)C2c2nccn2-c2ccc(F)c(C)c2)n1,641,6.193,0,train1,0,train3,0,train5
276,Cc1cc(C(F)(F)F)c(C#N)c(N2[C@H](c3nccn3-c3ccc(F)c(C)n3)C[C@H]3C[C@H]32)n1,Cc1cc(C(F)(F)F)c(C#N)c(N2C(c3nccn3-c3ccc(F)c(C)n3)CC3CC32)n1,27,7.569,0,test,1,train4,1,test
277,Cc1cc(C(F)(F)F)c(C#N)c(N2[C@H](c3nccn3-c3ccc(F)c(Cl)c3)C[C@@]3(CO)C[C@@H]23)n1,Cc1cc(C(F)(F)F)c(C#N)c(N2C(c3nccn3-c3ccc(F)c(Cl)c3)CC3(CO)CC23)n1,54,7.268,0,test,0,train3,1,train1
278,CC(=O)N[C@H]1C[C@@H](c2nccn2-c2ccc(F)c(C)n2)N(c2nc(C)cc(C(F)(F)F)c2C#N)C1,CC(=O)NC1CC(c2nccn2-c2ccc(F)c(C)n2)N(c2nc(C)cc(C(F)(F)F)c2C#N)C1,3,8.523,1,test,1,train3,1,train2
279,Cc1cc(C(F)(F)F)cc(N2C(=O)OC[C@H]2c2nccn2-c2ccc(F)c(Cl)c2)n1,Cc1cc(C(F)(F)F)cc(N2C(=O)OCC2c2nccn2-c2ccc(F)c(Cl)c2)n1,158,6.801,0,train5,0,train5,0,train2
280,Cc1cc(C(F)(F)F)cc(N2C(=O)OC[C@H]2c2nc(F)cn2-c2ccc(F)c(Cl)c2)n1,Cc1cc(C(F)(F)F)cc(N2C(=O)OCC2c2nc(F)cn2-c2ccc(F)c(Cl)c2)n1,10,8,0,train3,1,train5,1,train4
281,Cc1cc(C(F)(F)F)cc(N2C(=O)OC[C@H]2c2nc(Cl)cn2-c2ccc(F)c(Cl)c2)n1,Cc1cc(C(F)(F)F)cc(N2C(=O)OCC2c2nc(Cl)cn2-c2ccc(F)c(Cl)c2)n1,5,8.301,1,train2,1,train5,1,train4
282,Cc1cc(C(F)(F)F)cc(N2C(=O)OC[C@H]2c2ncc(C)n2-c2ccc(F)c(Cl)c2)n1,Cc1cc(C(F)(F)F)cc(N2C(=O)OCC2c2ncc(C)n2-c2ccc(F)c(Cl)c2)n1,8,8.097,1,train3,1,train3,1,train4
283,Cc1cc(C(F)(F)F)cc(N2C(=O)OC[C@H]2c2nccn2-c2ccc(F)c(Cl)c2F)n1,Cc1cc(C(F)(F)F)cc(N2C(=O)OCC2c2nccn2-c2ccc(F)c(Cl)c2F)n1,15,7.824,0,test,1,train2,1,test
284,Cc1cc(C(F)(F)F)cc(N2C(=O)O[C@H](CO)C2c2nccn2-c2ccc(F)c(Cl)c2)n1,Cc1cc(C(F)(F)F)cc(N2C(=O)OC(CO)C2c2nccn2-c2ccc(F)c(Cl)c2)n1,6,8.222,1,train2,1,test,1,train4
285,Cc1cc(C(F)(F)F)cc(N2C(=O)[C@H](C)[C@@](C)(O)[C@H]2c2nccn2-c2ccc(F)c(Cl)c2)n1,Cc1cc(C(F)(F)F)cc(N2C(=O)C(C)C(C)(O)C2c2nccn2-c2ccc(F)c(Cl)c2)n1,7,8.155,1,train5,1,train5,1,train3
286,Cc1cc(C(F)(F)F)cc(N2C(=O)[C@H](C)[C@@](C)(O)[C@H]2c2nccn2-c2ccc3cc[nH]c3n2)n1,Cc1cc(C(F)(F)F)cc(N2C(=O)C(C)C(C)(O)C2c2nccn2-c2ccc3cc[nH]c3n2)n1,32,7.495,0,train3,0,test,1,train3
287,Cc1cc(C(F)(F)F)cc(N2C(=O)C[C@](O)(CO)[C@H]2c2nccn2-c2ccc(F)c(Cl)c2)n1,Cc1cc(C(F)(F)F)cc(N2C(=O)CC(O)(CO)C2c2nccn2-c2ccc(F)c(Cl)c2)n1,316,6.5,0,train3,0,train1,0,train1
288,Cc1cc(C(F)(F)F)cc(N2C(=O)[C@H](C)[C@](O)(CO)[C@H]2c2nccn2-c2ccc(F)c(Cl)c2)n1,Cc1cc(C(F)(F)F)cc(N2C(=O)C(C)C(O)(CO)C2c2nccn2-c2ccc(F)c(Cl)c2)n1,23,7.638,0,test,1,train4,1,test
289,Cc1cc(C(F)(F)F)cc(N2C(=O)C3(CC3)[C@](O)(CO)C2c2nccn2-c2ccc(F)c(Cl)c2)n1,Cc1cc(C(F)(F)F)cc(N2C(=O)C3(CC3)C(O)(CO)C2c2nccn2-c2ccc(F)c(Cl)c2)n1,43,7.367,0,train4,0,train4,1,train4
290,Cc1cc(C(F)(F)F)cc(N2C(=O)NC[C@H]2c2nccn2-c2ccc(F)c(Cl)c2)n1,Cc1cc(C(F)(F)F)cc(N2C(=O)NCC2c2nccn2-c2ccc(F)c(Cl)c2)n1,33,7.481,0,train2,0,train2,1,test
291,Cc1cc(C(F)(F)F)cc(N2C(=O)N[C@H](CO)[C@H]2c2nccn2-c2ccc(F)c(Cl)c2)n1,Cc1cc(C(F)(F)F)cc(N2C(=O)NC(CO)C2c2nccn2-c2ccc(F)c(Cl)c2)n1,4,8.398,1,train3,1,train5,1,train5
292,Cc1cc(C(F)(F)F)cc(N2C(=O)N[C@H](CO)[C@H]2c2ncc(Cl)n2-c2ccc(F)c(Cl)c2)n1,Cc1cc(C(F)(F)F)cc(N2C(=O)NC(CO)C2c2ncc(Cl)n2-c2ccc(F)c(Cl)c2)n1,3,8.523,1,train1,1,test,1,train1
293,Cc1cc(C(F)(F)F)cc(N2C(=O)NC[C@H]2c2nccn2-c2ccc3ccn(C)c3n2)n1,Cc1cc(C(F)(F)F)cc(N2C(=O)NCC2c2nccn2-c2ccc3ccn(C)c3n2)n1,45,7.347,0,train3,0,train4,1,train3
294,Cc1cc(C(F)(F)F)cc(N2C(=O)NC[C@H]2c2nc(F)cn2-c2ccc3ccn(C)c3n2)n1,Cc1cc(C(F)(F)F)cc(N2C(=O)NCC2c2nc(F)cn2-c2ccc3ccn(C)c3n2)n1,9,8.046,1,train5,1,train2,1,train4
295,Cc1cc(C(F)(F)F)cc(N2C(=O)N(C[C@H](O)CN(C)C)C[C@H]2c2nccn2-c2ccc3ccn(C)c3n2)n1,Cc1cc(C(F)(F)F)cc(N2C(=O)N(CC(O)CN(C)C)CC2c2nccn2-c2ccc3ccn(C)c3n2)n1,3,8.523,1,train2,1,train5,1,test
296,Cc1cc(C(F)(F)F)cc(N2C(=O)N(C[C@H](O)CN(C)C)C[C@H]2c2nc(F)cn2-c2ccc3ccn(C)c3n2)n1,Cc1cc(C(F)(F)F)cc(N2C(=O)N(CC(O)CN(C)C)CC2c2nc(F)cn2-c2ccc3ccn(C)c3n2)n1,4,8.398,1,train3,1,train2,1,train1
297,Cc1cc(C(F)(F)F)cc(N2C(=O)N(CCS(C)(=N)=O)C[C@H]2c2nccn2-c2ccc3ccn(C)c3n2)n1,Cc1cc(C(F)(F)F)cc(N2C(=O)N(CCS(C)(=N)=O)CC2c2nccn2-c2ccc3ccn(C)c3n2)n1,3,8.523,1,train4,1,train4,1,train3
298,Cc1cc(C(F)(F)F)cc(N2C(=O)NC[C@H]2c2nccn2-c2ccc3cc[nH]c3n2)n1,Cc1cc(C(F)(F)F)cc(N2C(=O)NCC2c2nccn2-c2ccc3cc[nH]c3n2)n1,18,7.745,0,train1,1,train3,1,train4
